-- phpMyAdmin SQL Dump
-- version 2.10.1
-- http://www.phpmyadmin.net
-- 
-- Servidor: localhost
-- Tempo de Geração: Jan 29, 2014 as 10:16 PM
-- Versão do Servidor: 5.0.45
-- Versão do PHP: 5.2.5

SET SQL_MODE="NO_AUTO_VALUE_ON_ZERO";

-- 
-- Banco de Dados: `st_pse`
-- 

-- --------------------------------------------------------

-- 
-- Estrutura da tabela `jom_assets`
-- 

CREATE TABLE `jom_assets` (
  `id` int(10) unsigned NOT NULL auto_increment COMMENT 'Primary Key',
  `parent_id` int(11) NOT NULL default '0' COMMENT 'Nested set parent.',
  `lft` int(11) NOT NULL default '0' COMMENT 'Nested set lft.',
  `rgt` int(11) NOT NULL default '0' COMMENT 'Nested set rgt.',
  `level` int(10) unsigned NOT NULL COMMENT 'The cached level in the nested tree.',
  `name` varchar(50) NOT NULL COMMENT 'The unique name for the asset.\n',
  `title` varchar(100) NOT NULL COMMENT 'The descriptive title for the asset.',
  `rules` varchar(5120) NOT NULL COMMENT 'JSON encoded access control.',
  PRIMARY KEY  (`id`),
  UNIQUE KEY `idx_asset_name` (`name`),
  KEY `idx_lft_rgt` (`lft`,`rgt`),
  KEY `idx_parent_id` (`parent_id`)
) ENGINE=InnoDB  DEFAULT CHARSET=utf8 AUTO_INCREMENT=60 ;

-- 
-- Extraindo dados da tabela `jom_assets`
-- 

INSERT INTO `jom_assets` (`id`, `parent_id`, `lft`, `rgt`, `level`, `name`, `title`, `rules`) VALUES 
(1, 0, 1, 117, 0, 'root.1', 'Root Asset', '{"core.login.site":{"6":1,"2":1},"core.login.admin":{"6":1},"core.login.offline":{"6":1},"core.admin":{"8":1},"core.manage":{"7":1},"core.create":{"6":1,"3":1},"core.delete":{"6":1},"core.edit":{"6":1,"4":1},"core.edit.state":{"6":1,"5":1},"core.edit.own":{"6":1,"3":1}}'),
(2, 1, 1, 2, 1, 'com_admin', 'com_admin', '{}'),
(3, 1, 3, 6, 1, 'com_banners', 'com_banners', '{"core.admin":{"7":1},"core.manage":{"6":1},"core.create":[],"core.delete":[],"core.edit":[],"core.edit.state":[]}'),
(4, 1, 7, 8, 1, 'com_cache', 'com_cache', '{"core.admin":{"7":1},"core.manage":{"7":1}}'),
(5, 1, 9, 10, 1, 'com_checkin', 'com_checkin', '{"core.admin":{"7":1},"core.manage":{"7":1}}'),
(6, 1, 11, 12, 1, 'com_config', 'com_config', '{}'),
(7, 1, 13, 16, 1, 'com_contact', 'com_contact', '{"core.admin":{"7":1},"core.manage":{"6":1},"core.create":[],"core.delete":[],"core.edit":[],"core.edit.state":[],"core.edit.own":[]}'),
(8, 1, 17, 66, 1, 'com_content', 'com_content', '{"core.admin":{"7":1},"core.manage":{"6":1},"core.create":{"3":1},"core.delete":[],"core.edit":{"4":1},"core.edit.state":{"5":1},"core.edit.own":[]}'),
(9, 1, 67, 68, 1, 'com_cpanel', 'com_cpanel', '{}'),
(10, 1, 69, 70, 1, 'com_installer', 'com_installer', '{"core.admin":[],"core.manage":{"7":0},"core.delete":{"7":0},"core.edit.state":{"7":0}}'),
(11, 1, 71, 72, 1, 'com_languages', 'com_languages', '{"core.admin":{"7":1},"core.manage":[],"core.create":[],"core.delete":[],"core.edit":[],"core.edit.state":[]}'),
(12, 1, 73, 74, 1, 'com_login', 'com_login', '{}'),
(13, 1, 75, 76, 1, 'com_mailto', 'com_mailto', '{}'),
(14, 1, 77, 78, 1, 'com_massmail', 'com_massmail', '{}'),
(15, 1, 79, 80, 1, 'com_media', 'com_media', '{"core.admin":{"7":1},"core.manage":{"6":1},"core.create":{"3":1},"core.delete":{"5":1}}'),
(16, 1, 81, 82, 1, 'com_menus', 'com_menus', '{"core.admin":{"7":1},"core.manage":[],"core.create":[],"core.delete":[],"core.edit":[],"core.edit.state":[]}'),
(17, 1, 83, 84, 1, 'com_messages', 'com_messages', '{"core.admin":{"7":1},"core.manage":{"7":1}}'),
(18, 1, 85, 86, 1, 'com_modules', 'com_modules', '{"core.admin":{"7":1},"core.manage":[],"core.create":[],"core.delete":[],"core.edit":[],"core.edit.state":[]}'),
(19, 1, 87, 90, 1, 'com_newsfeeds', 'com_newsfeeds', '{"core.admin":{"7":1},"core.manage":{"6":1},"core.create":[],"core.delete":[],"core.edit":[],"core.edit.state":[],"core.edit.own":[]}'),
(20, 1, 91, 92, 1, 'com_plugins', 'com_plugins', '{"core.admin":{"7":1},"core.manage":[],"core.edit":[],"core.edit.state":[]}'),
(21, 1, 93, 94, 1, 'com_redirect', 'com_redirect', '{"core.admin":{"7":1},"core.manage":[]}'),
(22, 1, 95, 96, 1, 'com_search', 'com_search', '{"core.admin":{"7":1},"core.manage":{"6":1}}'),
(23, 1, 97, 98, 1, 'com_templates', 'com_templates', '{"core.admin":{"7":1},"core.manage":[],"core.create":[],"core.delete":[],"core.edit":[],"core.edit.state":[]}'),
(24, 1, 99, 102, 1, 'com_users', 'com_users', '{"core.admin":{"7":1},"core.manage":[],"core.create":[],"core.delete":[],"core.edit":[],"core.edit.state":[]}'),
(25, 1, 103, 106, 1, 'com_weblinks', 'com_weblinks', '{"core.admin":{"7":1},"core.manage":{"6":1},"core.create":{"3":1},"core.delete":[],"core.edit":{"4":1},"core.edit.state":{"5":1},"core.edit.own":[]}'),
(26, 1, 107, 108, 1, 'com_wrapper', 'com_wrapper', '{}'),
(27, 8, 18, 19, 2, 'com_content.category.2', 'Uncategorised', '{"core.create":[],"core.delete":[],"core.edit":[],"core.edit.state":[],"core.edit.own":[]}'),
(28, 3, 4, 5, 2, 'com_banners.category.3', 'Uncategorised', '{"core.create":[],"core.delete":[],"core.edit":[],"core.edit.state":[]}'),
(29, 7, 14, 15, 2, 'com_contact.category.4', 'Uncategorised', '{"core.create":[],"core.delete":[],"core.edit":[],"core.edit.state":[],"core.edit.own":[]}'),
(30, 19, 88, 89, 2, 'com_newsfeeds.category.5', 'Uncategorised', '{"core.create":[],"core.delete":[],"core.edit":[],"core.edit.state":[],"core.edit.own":[]}'),
(31, 25, 104, 105, 2, 'com_weblinks.category.6', 'Uncategorised', '{"core.create":[],"core.delete":[],"core.edit":[],"core.edit.state":[],"core.edit.own":[]}'),
(32, 24, 100, 101, 1, 'com_users.notes.category.7', 'Uncategorised', '{"core.create":[],"core.delete":[],"core.edit":[],"core.edit.state":[]}'),
(33, 1, 109, 110, 1, 'com_finder', 'com_finder', '{"core.admin":{"7":1},"core.manage":{"6":1}}'),
(34, 1, 111, 112, 1, 'com_joomlaupdate', 'com_joomlaupdate', '{"core.admin":[],"core.manage":[],"core.delete":[],"core.edit.state":[]}'),
(35, 1, 113, 114, 1, 'com_gantry', 'gantry', '{}'),
(36, 1, 115, 116, 1, 'com_jce', 'jce', '{}'),
(37, 8, 20, 25, 2, 'com_content.category.8', 'Modalidade', '{"core.create":[],"core.delete":[],"core.edit":[],"core.edit.state":[],"core.edit.own":[]}'),
(38, 8, 26, 35, 2, 'com_content.category.9', 'Apoio', '{"core.create":[],"core.delete":[],"core.edit":[],"core.edit.state":[],"core.edit.own":[]}'),
(39, 8, 36, 41, 2, 'com_content.category.10', 'Biblioteca', '{"core.create":[],"core.delete":[],"core.edit":[],"core.edit.state":[],"core.edit.own":[]}'),
(40, 8, 42, 45, 2, 'com_content.category.11', 'Inscrição', '{"core.create":[],"core.delete":[],"core.edit":[],"core.edit.state":[],"core.edit.own":[]}'),
(41, 8, 46, 49, 2, 'com_content.category.12', 'Menu', '{"core.create":[],"core.delete":[],"core.edit":[],"core.edit.state":[],"core.edit.own":[]}'),
(42, 53, 51, 52, 3, 'com_content.article.1', 'Apresentação', '{"core.delete":[],"core.edit":[],"core.edit.state":[]}'),
(43, 37, 21, 22, 3, 'com_content.article.2', 'A Plataforma Moodle', '{"core.delete":[],"core.edit":[],"core.edit.state":[]}'),
(44, 37, 23, 24, 3, 'com_content.article.3', 'O que é o AVA ?', '{"core.delete":[],"core.edit":[],"core.edit.state":[]}'),
(45, 38, 27, 28, 3, 'com_content.article.4', 'Dúvidas Frequentes', '{"core.delete":[],"core.edit":[],"core.edit.state":[]}'),
(46, 38, 29, 30, 3, 'com_content.article.5', 'Sistema Sinap', '{"core.delete":[],"core.edit":[],"core.edit.state":[]}'),
(47, 38, 31, 32, 3, 'com_content.article.6', 'Apoio Técnico', '{"core.delete":[],"core.edit":[],"core.edit.state":[]}'),
(48, 38, 33, 34, 3, 'com_content.article.7', 'Apoio Acadêmico', '{"core.delete":[],"core.edit":[],"core.edit.state":[]}'),
(49, 39, 37, 38, 3, 'com_content.article.8', 'Conteúdos', '{"core.delete":[],"core.edit":[],"core.edit.state":[]}'),
(50, 39, 39, 40, 3, 'com_content.article.9', 'Tutoriais', '{"core.delete":[],"core.edit":[],"core.edit.state":[]}'),
(51, 40, 43, 44, 3, 'com_content.article.10', 'Inscrição', '{"core.delete":[],"core.edit":[],"core.edit.state":[]}'),
(52, 41, 47, 48, 3, 'com_content.article.11', 'Fale Conosco', '{"core.delete":[],"core.edit":[],"core.edit.state":[]}'),
(53, 8, 50, 65, 2, 'com_content.category.13', 'Curso', '{"core.create":[],"core.delete":[],"core.edit":[],"core.edit.state":[],"core.edit.own":[]}'),
(54, 53, 53, 54, 3, 'com_content.article.12', 'Objetivos', '{"core.delete":[],"core.edit":[],"core.edit.state":[]}'),
(55, 53, 55, 56, 3, 'com_content.article.13', 'Estrutura', '{"core.delete":[],"core.edit":[],"core.edit.state":[]}'),
(56, 53, 57, 58, 3, 'com_content.article.14', 'Metodologia', '{"core.delete":[],"core.edit":[],"core.edit.state":[]}'),
(57, 53, 59, 60, 3, 'com_content.article.15', 'Material', '{"core.delete":[],"core.edit":[],"core.edit.state":[]}'),
(58, 53, 61, 62, 3, 'com_content.article.16', 'Avaliação', '{"core.delete":[],"core.edit":[],"core.edit.state":[]}'),
(59, 53, 63, 64, 3, 'com_content.article.17', 'Certificação', '{"core.delete":[],"core.edit":[],"core.edit.state":[]}');

-- --------------------------------------------------------

-- 
-- Estrutura da tabela `jom_associations`
-- 

CREATE TABLE `jom_associations` (
  `id` varchar(50) NOT NULL COMMENT 'A reference to the associated item.',
  `context` varchar(50) NOT NULL COMMENT 'The context of the associated item.',
  `key` char(32) NOT NULL COMMENT 'The key for the association computed from an md5 on associated ids.',
  PRIMARY KEY  (`context`,`id`),
  KEY `idx_key` (`key`)
) ENGINE=InnoDB DEFAULT CHARSET=utf8;

-- 
-- Extraindo dados da tabela `jom_associations`
-- 


-- --------------------------------------------------------

-- 
-- Estrutura da tabela `jom_banners`
-- 

CREATE TABLE `jom_banners` (
  `id` int(11) NOT NULL auto_increment,
  `cid` int(11) NOT NULL default '0',
  `type` int(11) NOT NULL default '0',
  `name` varchar(255) NOT NULL default '',
  `alias` varchar(255) character set utf8 collate utf8_bin NOT NULL default '',
  `imptotal` int(11) NOT NULL default '0',
  `impmade` int(11) NOT NULL default '0',
  `clicks` int(11) NOT NULL default '0',
  `clickurl` varchar(200) NOT NULL default '',
  `state` tinyint(3) NOT NULL default '0',
  `catid` int(10) unsigned NOT NULL default '0',
  `description` text NOT NULL,
  `custombannercode` varchar(2048) NOT NULL,
  `sticky` tinyint(1) unsigned NOT NULL default '0',
  `ordering` int(11) NOT NULL default '0',
  `metakey` text NOT NULL,
  `params` text NOT NULL,
  `own_prefix` tinyint(1) NOT NULL default '0',
  `metakey_prefix` varchar(255) NOT NULL default '',
  `purchase_type` tinyint(4) NOT NULL default '-1',
  `track_clicks` tinyint(4) NOT NULL default '-1',
  `track_impressions` tinyint(4) NOT NULL default '-1',
  `checked_out` int(10) unsigned NOT NULL default '0',
  `checked_out_time` datetime NOT NULL default '0000-00-00 00:00:00',
  `publish_up` datetime NOT NULL default '0000-00-00 00:00:00',
  `publish_down` datetime NOT NULL default '0000-00-00 00:00:00',
  `reset` datetime NOT NULL default '0000-00-00 00:00:00',
  `created` datetime NOT NULL default '0000-00-00 00:00:00',
  `language` char(7) NOT NULL default '',
  PRIMARY KEY  (`id`),
  KEY `idx_state` (`state`),
  KEY `idx_own_prefix` (`own_prefix`),
  KEY `idx_metakey_prefix` (`metakey_prefix`),
  KEY `idx_banner_catid` (`catid`),
  KEY `idx_language` (`language`)
) ENGINE=InnoDB DEFAULT CHARSET=utf8 AUTO_INCREMENT=1 ;

-- 
-- Extraindo dados da tabela `jom_banners`
-- 


-- --------------------------------------------------------

-- 
-- Estrutura da tabela `jom_banner_clients`
-- 

CREATE TABLE `jom_banner_clients` (
  `id` int(11) NOT NULL auto_increment,
  `name` varchar(255) NOT NULL default '',
  `contact` varchar(255) NOT NULL default '',
  `email` varchar(255) NOT NULL default '',
  `extrainfo` text NOT NULL,
  `state` tinyint(3) NOT NULL default '0',
  `checked_out` int(10) unsigned NOT NULL default '0',
  `checked_out_time` datetime NOT NULL default '0000-00-00 00:00:00',
  `metakey` text NOT NULL,
  `own_prefix` tinyint(4) NOT NULL default '0',
  `metakey_prefix` varchar(255) NOT NULL default '',
  `purchase_type` tinyint(4) NOT NULL default '-1',
  `track_clicks` tinyint(4) NOT NULL default '-1',
  `track_impressions` tinyint(4) NOT NULL default '-1',
  PRIMARY KEY  (`id`),
  KEY `idx_own_prefix` (`own_prefix`),
  KEY `idx_metakey_prefix` (`metakey_prefix`)
) ENGINE=InnoDB DEFAULT CHARSET=utf8 AUTO_INCREMENT=1 ;

-- 
-- Extraindo dados da tabela `jom_banner_clients`
-- 


-- --------------------------------------------------------

-- 
-- Estrutura da tabela `jom_banner_tracks`
-- 

CREATE TABLE `jom_banner_tracks` (
  `track_date` datetime NOT NULL,
  `track_type` int(10) unsigned NOT NULL,
  `banner_id` int(10) unsigned NOT NULL,
  `count` int(10) unsigned NOT NULL default '0',
  PRIMARY KEY  (`track_date`,`track_type`,`banner_id`),
  KEY `idx_track_date` (`track_date`),
  KEY `idx_track_type` (`track_type`),
  KEY `idx_banner_id` (`banner_id`)
) ENGINE=InnoDB DEFAULT CHARSET=utf8;

-- 
-- Extraindo dados da tabela `jom_banner_tracks`
-- 


-- --------------------------------------------------------

-- 
-- Estrutura da tabela `jom_categories`
-- 

CREATE TABLE `jom_categories` (
  `id` int(11) NOT NULL auto_increment,
  `asset_id` int(10) unsigned NOT NULL default '0' COMMENT 'FK to the #__assets table.',
  `parent_id` int(10) unsigned NOT NULL default '0',
  `lft` int(11) NOT NULL default '0',
  `rgt` int(11) NOT NULL default '0',
  `level` int(10) unsigned NOT NULL default '0',
  `path` varchar(255) NOT NULL default '',
  `extension` varchar(50) NOT NULL default '',
  `title` varchar(255) NOT NULL,
  `alias` varchar(255) character set utf8 collate utf8_bin NOT NULL default '',
  `note` varchar(255) NOT NULL default '',
  `description` mediumtext NOT NULL,
  `published` tinyint(1) NOT NULL default '0',
  `checked_out` int(11) unsigned NOT NULL default '0',
  `checked_out_time` datetime NOT NULL default '0000-00-00 00:00:00',
  `access` int(10) unsigned NOT NULL default '0',
  `params` text NOT NULL,
  `metadesc` varchar(1024) NOT NULL COMMENT 'The meta description for the page.',
  `metakey` varchar(1024) NOT NULL COMMENT 'The meta keywords for the page.',
  `metadata` varchar(2048) NOT NULL COMMENT 'JSON encoded metadata properties.',
  `created_user_id` int(10) unsigned NOT NULL default '0',
  `created_time` datetime NOT NULL default '0000-00-00 00:00:00',
  `modified_user_id` int(10) unsigned NOT NULL default '0',
  `modified_time` datetime NOT NULL default '0000-00-00 00:00:00',
  `hits` int(10) unsigned NOT NULL default '0',
  `language` char(7) NOT NULL,
  PRIMARY KEY  (`id`),
  KEY `cat_idx` (`extension`,`published`,`access`),
  KEY `idx_access` (`access`),
  KEY `idx_checkout` (`checked_out`),
  KEY `idx_path` (`path`),
  KEY `idx_left_right` (`lft`,`rgt`),
  KEY `idx_alias` (`alias`),
  KEY `idx_language` (`language`)
) ENGINE=InnoDB  DEFAULT CHARSET=utf8 AUTO_INCREMENT=14 ;

-- 
-- Extraindo dados da tabela `jom_categories`
-- 

INSERT INTO `jom_categories` (`id`, `asset_id`, `parent_id`, `lft`, `rgt`, `level`, `path`, `extension`, `title`, `alias`, `note`, `description`, `published`, `checked_out`, `checked_out_time`, `access`, `params`, `metadesc`, `metakey`, `metadata`, `created_user_id`, `created_time`, `modified_user_id`, `modified_time`, `hits`, `language`) VALUES 
(1, 0, 0, 0, 25, 0, '', 'system', 'ROOT', 0x726f6f74, '', '', 1, 0, '0000-00-00 00:00:00', 1, '{}', '', '', '', 0, '2009-10-18 16:07:09', 0, '0000-00-00 00:00:00', 0, '*'),
(2, 27, 1, 1, 2, 1, 'uncategorised', 'com_content', 'Uncategorised', 0x756e63617465676f7269736564, '', '', 1, 0, '0000-00-00 00:00:00', 1, '{"target":"","image":""}', '', '', '{"page_title":"","author":"","robots":""}', 42, '2010-06-28 13:26:37', 0, '0000-00-00 00:00:00', 0, '*'),
(3, 28, 1, 3, 4, 1, 'uncategorised', 'com_banners', 'Uncategorised', 0x756e63617465676f7269736564, '', '', 1, 0, '0000-00-00 00:00:00', 1, '{"target":"","image":"","foobar":""}', '', '', '{"page_title":"","author":"","robots":""}', 42, '2010-06-28 13:27:35', 0, '0000-00-00 00:00:00', 0, '*'),
(4, 29, 1, 5, 6, 1, 'uncategorised', 'com_contact', 'Uncategorised', 0x756e63617465676f7269736564, '', '', 1, 0, '0000-00-00 00:00:00', 1, '{"target":"","image":""}', '', '', '{"page_title":"","author":"","robots":""}', 42, '2010-06-28 13:27:57', 0, '0000-00-00 00:00:00', 0, '*'),
(5, 30, 1, 7, 8, 1, 'uncategorised', 'com_newsfeeds', 'Uncategorised', 0x756e63617465676f7269736564, '', '', 1, 0, '0000-00-00 00:00:00', 1, '{"target":"","image":""}', '', '', '{"page_title":"","author":"","robots":""}', 42, '2010-06-28 13:28:15', 0, '0000-00-00 00:00:00', 0, '*'),
(6, 31, 1, 9, 10, 1, 'uncategorised', 'com_weblinks', 'Uncategorised', 0x756e63617465676f7269736564, '', '', 1, 0, '0000-00-00 00:00:00', 1, '{"target":"","image":""}', '', '', '{"page_title":"","author":"","robots":""}', 42, '2010-06-28 13:28:33', 0, '0000-00-00 00:00:00', 0, '*'),
(7, 32, 1, 11, 12, 1, 'uncategorised', 'com_users.notes', 'Uncategorised', 0x756e63617465676f7269736564, '', '', 1, 0, '0000-00-00 00:00:00', 1, '{"target":"","image":""}', '', '', '{"page_title":"","author":"","robots":""}', 42, '2010-06-28 13:28:33', 0, '0000-00-00 00:00:00', 0, '*'),
(8, 37, 1, 15, 16, 1, 'modalidade', 'com_content', 'Modalidade', 0x6d6f64616c6964616465, '', '', 1, 0, '0000-00-00 00:00:00', 1, '{"category_layout":"","image":""}', '', '', '{"author":"","robots":""}', 386, '2014-01-29 23:25:39', 0, '0000-00-00 00:00:00', 0, '*'),
(9, 38, 1, 17, 18, 1, 'apoio', 'com_content', 'Apoio', 0x61706f696f, '', '', 1, 0, '0000-00-00 00:00:00', 1, '{"category_layout":"","image":""}', '', '', '{"author":"","robots":""}', 386, '2014-01-29 23:25:51', 0, '0000-00-00 00:00:00', 0, '*'),
(10, 39, 1, 19, 20, 1, 'biblioteca', 'com_content', 'Biblioteca', 0x6269626c696f74656361, '', '', 1, 0, '0000-00-00 00:00:00', 1, '{"category_layout":"","image":""}', '', '', '{"author":"","robots":""}', 386, '2014-01-29 23:26:05', 0, '0000-00-00 00:00:00', 0, '*'),
(11, 40, 1, 21, 22, 1, 'inscricao', 'com_content', 'Inscrição', 0x696e7363726963616f, '', '', 1, 0, '0000-00-00 00:00:00', 1, '{"category_layout":"","image":""}', '', '', '{"author":"","robots":""}', 386, '2014-01-29 23:26:31', 0, '0000-00-00 00:00:00', 0, '*'),
(12, 41, 1, 23, 24, 1, 'menu', 'com_content', 'Menu', 0x6d656e75, '', '', 1, 0, '0000-00-00 00:00:00', 1, '{"category_layout":"","image":""}', '', '', '{"author":"","robots":""}', 386, '2014-01-29 23:26:54', 0, '0000-00-00 00:00:00', 0, '*'),
(13, 53, 1, 13, 14, 1, 'curso', 'com_content', 'Curso', 0x637572736f, '', '', 1, 0, '0000-00-00 00:00:00', 1, '{"category_layout":"","image":""}', '', '', '{"author":"","robots":""}', 386, '2014-01-29 23:49:52', 0, '0000-00-00 00:00:00', 0, '*');

-- --------------------------------------------------------

-- 
-- Estrutura da tabela `jom_contact_details`
-- 

CREATE TABLE `jom_contact_details` (
  `id` int(11) NOT NULL auto_increment,
  `name` varchar(255) NOT NULL default '',
  `alias` varchar(255) character set utf8 collate utf8_bin NOT NULL default '',
  `con_position` varchar(255) default NULL,
  `address` text,
  `suburb` varchar(100) default NULL,
  `state` varchar(100) default NULL,
  `country` varchar(100) default NULL,
  `postcode` varchar(100) default NULL,
  `telephone` varchar(255) default NULL,
  `fax` varchar(255) default NULL,
  `misc` mediumtext,
  `image` varchar(255) default NULL,
  `imagepos` varchar(20) default NULL,
  `email_to` varchar(255) default NULL,
  `default_con` tinyint(1) unsigned NOT NULL default '0',
  `published` tinyint(1) NOT NULL default '0',
  `checked_out` int(10) unsigned NOT NULL default '0',
  `checked_out_time` datetime NOT NULL default '0000-00-00 00:00:00',
  `ordering` int(11) NOT NULL default '0',
  `params` text NOT NULL,
  `user_id` int(11) NOT NULL default '0',
  `catid` int(11) NOT NULL default '0',
  `access` int(10) unsigned NOT NULL default '0',
  `mobile` varchar(255) NOT NULL default '',
  `webpage` varchar(255) NOT NULL default '',
  `sortname1` varchar(255) NOT NULL,
  `sortname2` varchar(255) NOT NULL,
  `sortname3` varchar(255) NOT NULL,
  `language` char(7) NOT NULL,
  `created` datetime NOT NULL default '0000-00-00 00:00:00',
  `created_by` int(10) unsigned NOT NULL default '0',
  `created_by_alias` varchar(255) NOT NULL default '',
  `modified` datetime NOT NULL default '0000-00-00 00:00:00',
  `modified_by` int(10) unsigned NOT NULL default '0',
  `metakey` text NOT NULL,
  `metadesc` text NOT NULL,
  `metadata` text NOT NULL,
  `featured` tinyint(3) unsigned NOT NULL default '0' COMMENT 'Set if article is featured.',
  `xreference` varchar(50) NOT NULL COMMENT 'A reference to enable linkages to external data sets.',
  `publish_up` datetime NOT NULL default '0000-00-00 00:00:00',
  `publish_down` datetime NOT NULL default '0000-00-00 00:00:00',
  PRIMARY KEY  (`id`),
  KEY `idx_access` (`access`),
  KEY `idx_checkout` (`checked_out`),
  KEY `idx_state` (`published`),
  KEY `idx_catid` (`catid`),
  KEY `idx_createdby` (`created_by`),
  KEY `idx_featured_catid` (`featured`,`catid`),
  KEY `idx_language` (`language`),
  KEY `idx_xreference` (`xreference`)
) ENGINE=InnoDB DEFAULT CHARSET=utf8 AUTO_INCREMENT=1 ;

-- 
-- Extraindo dados da tabela `jom_contact_details`
-- 


-- --------------------------------------------------------

-- 
-- Estrutura da tabela `jom_content`
-- 

CREATE TABLE `jom_content` (
  `id` int(10) unsigned NOT NULL auto_increment,
  `asset_id` int(10) unsigned NOT NULL default '0' COMMENT 'FK to the #__assets table.',
  `title` varchar(255) NOT NULL default '',
  `alias` varchar(255) character set utf8 collate utf8_bin NOT NULL default '',
  `title_alias` varchar(255) character set utf8 collate utf8_bin NOT NULL default '' COMMENT 'Deprecated in Joomla! 3.0',
  `introtext` mediumtext NOT NULL,
  `fulltext` mediumtext NOT NULL,
  `state` tinyint(3) NOT NULL default '0',
  `sectionid` int(10) unsigned NOT NULL default '0',
  `mask` int(10) unsigned NOT NULL default '0',
  `catid` int(10) unsigned NOT NULL default '0',
  `created` datetime NOT NULL default '0000-00-00 00:00:00',
  `created_by` int(10) unsigned NOT NULL default '0',
  `created_by_alias` varchar(255) NOT NULL default '',
  `modified` datetime NOT NULL default '0000-00-00 00:00:00',
  `modified_by` int(10) unsigned NOT NULL default '0',
  `checked_out` int(10) unsigned NOT NULL default '0',
  `checked_out_time` datetime NOT NULL default '0000-00-00 00:00:00',
  `publish_up` datetime NOT NULL default '0000-00-00 00:00:00',
  `publish_down` datetime NOT NULL default '0000-00-00 00:00:00',
  `images` text NOT NULL,
  `urls` text NOT NULL,
  `attribs` varchar(5120) NOT NULL,
  `version` int(10) unsigned NOT NULL default '1',
  `parentid` int(10) unsigned NOT NULL default '0',
  `ordering` int(11) NOT NULL default '0',
  `metakey` text NOT NULL,
  `metadesc` text NOT NULL,
  `access` int(10) unsigned NOT NULL default '0',
  `hits` int(10) unsigned NOT NULL default '0',
  `metadata` text NOT NULL,
  `featured` tinyint(3) unsigned NOT NULL default '0' COMMENT 'Set if article is featured.',
  `language` char(7) NOT NULL COMMENT 'The language code for the article.',
  `xreference` varchar(50) NOT NULL COMMENT 'A reference to enable linkages to external data sets.',
  PRIMARY KEY  (`id`),
  KEY `idx_access` (`access`),
  KEY `idx_checkout` (`checked_out`),
  KEY `idx_state` (`state`),
  KEY `idx_catid` (`catid`),
  KEY `idx_createdby` (`created_by`),
  KEY `idx_featured_catid` (`featured`,`catid`),
  KEY `idx_language` (`language`),
  KEY `idx_xreference` (`xreference`)
) ENGINE=InnoDB  DEFAULT CHARSET=utf8 AUTO_INCREMENT=18 ;

-- 
-- Extraindo dados da tabela `jom_content`
-- 

INSERT INTO `jom_content` (`id`, `asset_id`, `title`, `alias`, `title_alias`, `introtext`, `fulltext`, `state`, `sectionid`, `mask`, `catid`, `created`, `created_by`, `created_by_alias`, `modified`, `modified_by`, `checked_out`, `checked_out_time`, `publish_up`, `publish_down`, `images`, `urls`, `attribs`, `version`, `parentid`, `ordering`, `metakey`, `metadesc`, `access`, `hits`, `metadata`, `featured`, `language`, `xreference`) VALUES 
(1, 42, 'Apresentação', 0x6170726573656e746163616f, '', '<p>&nbsp;</p>\r\n<p>&nbsp;</p>\r\n<p>&nbsp;</p>\r\n<p><img style="display: block; margin-left: auto; margin-right: auto;" alt="manutencao" src="images/manutencao.jpg" height="191" width="263" /></p>\r\n<p>&nbsp;</p>\r\n<p>&nbsp;</p>\r\n<p>&nbsp;</p>', '', 1, 0, 0, 13, '2014-01-29 23:29:35', 386, '', '2014-01-29 23:51:06', 386, 386, '2014-01-30 00:00:25', '2014-01-29 23:29:35', '0000-00-00 00:00:00', '{"image_intro":"","float_intro":"","image_intro_alt":"","image_intro_caption":"","image_fulltext":"","float_fulltext":"","image_fulltext_alt":"","image_fulltext_caption":""}', '{"urla":null,"urlatext":"","targeta":"","urlb":null,"urlbtext":"","targetb":"","urlc":null,"urlctext":"","targetc":""}', '{"show_title":"","link_titles":"","show_intro":"","show_category":"","link_category":"","show_parent_category":"","link_parent_category":"","show_author":"","link_author":"","show_create_date":"","show_modify_date":"","show_publish_date":"","show_item_navigation":"","show_icons":"","show_print_icon":"","show_email_icon":"","show_vote":"","show_hits":"","show_noauth":"","urls_position":"","alternative_readmore":"","article_layout":"","show_publishing_options":"","show_article_options":"","show_urls_images_backend":"","show_urls_images_frontend":""}', 3, 0, 6, '', '', 1, 5, '{"robots":"","author":"","rights":"","xreference":""}', 1, '*', ''),
(2, 43, 'A Plataforma Moodle', 0x612d706c617461666f726d612d6d6f6f646c65, '', '<p>&nbsp;</p>\r\n<p>&nbsp;</p>\r\n<p>&nbsp;</p>\r\n<p><img style="display: block; margin-left: auto; margin-right: auto;" alt="manutencao" src="images/manutencao.jpg" height="191" width="263" /></p>\r\n<p>&nbsp;</p>\r\n<p>&nbsp;</p>\r\n<p>&nbsp;</p>\r\n<p>&nbsp;</p>', '', 1, 0, 0, 8, '2014-01-29 23:34:44', 386, '', '0000-00-00 00:00:00', 0, 0, '0000-00-00 00:00:00', '2014-01-29 23:34:44', '0000-00-00 00:00:00', '{"image_intro":"","float_intro":"","image_intro_alt":"","image_intro_caption":"","image_fulltext":"","float_fulltext":"","image_fulltext_alt":"","image_fulltext_caption":""}', '{"urla":null,"urlatext":"","targeta":"","urlb":null,"urlbtext":"","targetb":"","urlc":null,"urlctext":"","targetc":""}', '{"show_title":"","link_titles":"","show_intro":"","show_category":"","link_category":"","show_parent_category":"","link_parent_category":"","show_author":"","link_author":"","show_create_date":"","show_modify_date":"","show_publish_date":"","show_item_navigation":"","show_icons":"","show_print_icon":"","show_email_icon":"","show_vote":"","show_hits":"","show_noauth":"","urls_position":"","alternative_readmore":"","article_layout":"","show_publishing_options":"","show_article_options":"","show_urls_images_backend":"","show_urls_images_frontend":""}', 1, 0, 1, '', '', 1, 0, '{"robots":"","author":"","rights":"","xreference":""}', 0, '*', ''),
(3, 44, 'O que é o AVA ?', 0x617661, '', '<p>&nbsp;</p>\r\n<p>&nbsp;</p>\r\n<p>&nbsp;</p>\r\n<p>&nbsp;</p>\r\n<p><img style="display: block; margin-left: auto; margin-right: auto;" alt="manutencao" src="images/manutencao.jpg" height="191" width="263" /></p>\r\n<p>&nbsp;</p>\r\n<p>&nbsp;</p>\r\n<p>&nbsp;</p>', '', 1, 0, 0, 8, '2014-01-29 23:35:52', 386, '', '0000-00-00 00:00:00', 0, 0, '0000-00-00 00:00:00', '2014-01-29 23:35:52', '0000-00-00 00:00:00', '{"image_intro":"","float_intro":"","image_intro_alt":"","image_intro_caption":"","image_fulltext":"","float_fulltext":"","image_fulltext_alt":"","image_fulltext_caption":""}', '{"urla":null,"urlatext":"","targeta":"","urlb":null,"urlbtext":"","targetb":"","urlc":null,"urlctext":"","targetc":""}', '{"show_title":"","link_titles":"","show_intro":"","show_category":"","link_category":"","show_parent_category":"","link_parent_category":"","show_author":"","link_author":"","show_create_date":"","show_modify_date":"","show_publish_date":"","show_item_navigation":"","show_icons":"","show_print_icon":"","show_email_icon":"","show_vote":"","show_hits":"","show_noauth":"","urls_position":"","alternative_readmore":"","article_layout":"","show_publishing_options":"","show_article_options":"","show_urls_images_backend":"","show_urls_images_frontend":""}', 1, 0, 0, '', '', 1, 0, '{"robots":"","author":"","rights":"","xreference":""}', 0, '*', ''),
(4, 45, 'Dúvidas Frequentes', 0x647576696461732d6672657175656e746573, '', '<p>&nbsp;</p>\r\n<p>&nbsp;</p>\r\n<p>&nbsp;</p>\r\n<p><img style="display: block; margin-left: auto; margin-right: auto;" alt="manutencao" src="images/manutencao.jpg" height="191" width="263" />\r\n</p>\r\n<p>&nbsp;</p>\r\n<p>&nbsp;</p>\r\n<p>&nbsp;</p> ', '', 1, 0, 0, 9, '2014-01-29 23:37:12', 386, '', '0000-00-00 00:00:00', 0, 0, '0000-00-00 00:00:00', '2014-01-29 23:37:12', '0000-00-00 00:00:00', '{"image_intro":"","float_intro":"","image_intro_alt":"","image_intro_caption":"","image_fulltext":"","float_fulltext":"","image_fulltext_alt":"","image_fulltext_caption":""}', '{"urla":null,"urlatext":"","targeta":"","urlb":null,"urlbtext":"","targetb":"","urlc":null,"urlctext":"","targetc":""}', '{"show_title":"","link_titles":"","show_intro":"","show_category":"","link_category":"","show_parent_category":"","link_parent_category":"","show_author":"","link_author":"","show_create_date":"","show_modify_date":"","show_publish_date":"","show_item_navigation":"","show_icons":"","show_print_icon":"","show_email_icon":"","show_vote":"","show_hits":"","show_noauth":"","urls_position":"","alternative_readmore":"","article_layout":"","show_publishing_options":"","show_article_options":"","show_urls_images_backend":"","show_urls_images_frontend":""}', 1, 0, 3, '', '', 1, 0, '{"robots":"","author":"","rights":"","xreference":""}', 0, '*', ''),
(5, 46, 'Sistema Sinap', 0x73697374656d612d73696e6170, '', '<p>&nbsp;</p>\r\n<p>&nbsp;</p>\r\n<p>&nbsp;</p>\r\n<p><img style="display: block; margin-left: auto; margin-right: auto;" alt="manutencao" src="images/manutencao.jpg" height="191" width="263" /></p>\r\n<p>&nbsp;</p>\r\n<p>&nbsp;</p>\r\n<p>&nbsp;</p>\r\n<p>&nbsp;</p>', '', 1, 0, 0, 9, '2014-01-29 23:37:43', 386, '', '0000-00-00 00:00:00', 0, 0, '0000-00-00 00:00:00', '2014-01-29 23:37:43', '0000-00-00 00:00:00', '{"image_intro":"","float_intro":"","image_intro_alt":"","image_intro_caption":"","image_fulltext":"","float_fulltext":"","image_fulltext_alt":"","image_fulltext_caption":""}', '{"urla":null,"urlatext":"","targeta":"","urlb":null,"urlbtext":"","targetb":"","urlc":null,"urlctext":"","targetc":""}', '{"show_title":"","link_titles":"","show_intro":"","show_category":"","link_category":"","show_parent_category":"","link_parent_category":"","show_author":"","link_author":"","show_create_date":"","show_modify_date":"","show_publish_date":"","show_item_navigation":"","show_icons":"","show_print_icon":"","show_email_icon":"","show_vote":"","show_hits":"","show_noauth":"","urls_position":"","alternative_readmore":"","article_layout":"","show_publishing_options":"","show_article_options":"","show_urls_images_backend":"","show_urls_images_frontend":""}', 1, 0, 2, '', '', 1, 0, '{"robots":"","author":"","rights":"","xreference":""}', 0, '*', ''),
(6, 47, 'Apoio Técnico', 0x61706f696f2d7465636e69636f, '', '<p>&nbsp;</p>\r\n<p>&nbsp;</p>\r\n<p>&nbsp;</p>\r\n<p><img style="display: block; margin-left: auto; margin-right: auto;" alt="manutencao" src="images/manutencao.jpg" height="191" width="263" />\r\n</p>\r\n<p>&nbsp;</p>\r\n<p>&nbsp;</p>\r\n<p>&nbsp;</p> ', '', 1, 0, 0, 9, '2014-01-29 23:38:07', 386, '', '0000-00-00 00:00:00', 0, 0, '0000-00-00 00:00:00', '2014-01-29 23:38:07', '0000-00-00 00:00:00', '{"image_intro":"","float_intro":"","image_intro_alt":"","image_intro_caption":"","image_fulltext":"","float_fulltext":"","image_fulltext_alt":"","image_fulltext_caption":""}', '{"urla":null,"urlatext":"","targeta":"","urlb":null,"urlbtext":"","targetb":"","urlc":null,"urlctext":"","targetc":""}', '{"show_title":"","link_titles":"","show_intro":"","show_category":"","link_category":"","show_parent_category":"","link_parent_category":"","show_author":"","link_author":"","show_create_date":"","show_modify_date":"","show_publish_date":"","show_item_navigation":"","show_icons":"","show_print_icon":"","show_email_icon":"","show_vote":"","show_hits":"","show_noauth":"","urls_position":"","alternative_readmore":"","article_layout":"","show_publishing_options":"","show_article_options":"","show_urls_images_backend":"","show_urls_images_frontend":""}', 1, 0, 1, '', '', 1, 0, '{"robots":"","author":"","rights":"","xreference":""}', 0, '*', ''),
(7, 48, 'Apoio Acadêmico', 0x61706f696f2d61636164656d69636f, '', '<p>&nbsp;</p>\r\n<p>&nbsp;</p>\r\n<p>&nbsp;</p>\r\n<p><img style="display: block; margin-left: auto; margin-right: auto;" alt="manutencao" src="images/manutencao.jpg" height="191" width="263" /></p>\r\n<p>&nbsp;</p>\r\n<p>&nbsp;</p>\r\n<p>&nbsp;</p>\r\n<p>&nbsp;</p>', '', 1, 0, 0, 9, '2014-01-29 23:38:33', 386, '', '0000-00-00 00:00:00', 0, 0, '0000-00-00 00:00:00', '2014-01-29 23:38:33', '0000-00-00 00:00:00', '{"image_intro":"","float_intro":"","image_intro_alt":"","image_intro_caption":"","image_fulltext":"","float_fulltext":"","image_fulltext_alt":"","image_fulltext_caption":""}', '{"urla":null,"urlatext":"","targeta":"","urlb":null,"urlbtext":"","targetb":"","urlc":null,"urlctext":"","targetc":""}', '{"show_title":"","link_titles":"","show_intro":"","show_category":"","link_category":"","show_parent_category":"","link_parent_category":"","show_author":"","link_author":"","show_create_date":"","show_modify_date":"","show_publish_date":"","show_item_navigation":"","show_icons":"","show_print_icon":"","show_email_icon":"","show_vote":"","show_hits":"","show_noauth":"","urls_position":"","alternative_readmore":"","article_layout":"","show_publishing_options":"","show_article_options":"","show_urls_images_backend":"","show_urls_images_frontend":""}', 1, 0, 0, '', '', 1, 0, '{"robots":"","author":"","rights":"","xreference":""}', 0, '*', ''),
(8, 49, 'Conteúdos', 0x636f6e746575646f73, '', '<p>&nbsp;</p>\r\n<p>&nbsp;</p>\r\n<p>&nbsp;</p>\r\n<p><img style="display: block; margin-left: auto; margin-right: auto;" alt="manutencao" src="images/manutencao.jpg" height="191" width="263" /></p>\r\n<p>&nbsp;</p>\r\n<p>&nbsp;</p>\r\n<p>&nbsp;</p>\r\n<p>&nbsp;</p>', '', 1, 0, 0, 10, '2014-01-29 23:39:39', 386, '', '0000-00-00 00:00:00', 0, 0, '0000-00-00 00:00:00', '2014-01-29 23:39:39', '0000-00-00 00:00:00', '{"image_intro":"","float_intro":"","image_intro_alt":"","image_intro_caption":"","image_fulltext":"","float_fulltext":"","image_fulltext_alt":"","image_fulltext_caption":""}', '{"urla":null,"urlatext":"","targeta":"","urlb":null,"urlbtext":"","targetb":"","urlc":null,"urlctext":"","targetc":""}', '{"show_title":"","link_titles":"","show_intro":"","show_category":"","link_category":"","show_parent_category":"","link_parent_category":"","show_author":"","link_author":"","show_create_date":"","show_modify_date":"","show_publish_date":"","show_item_navigation":"","show_icons":"","show_print_icon":"","show_email_icon":"","show_vote":"","show_hits":"","show_noauth":"","urls_position":"","alternative_readmore":"","article_layout":"","show_publishing_options":"","show_article_options":"","show_urls_images_backend":"","show_urls_images_frontend":""}', 1, 0, 1, '', '', 1, 0, '{"robots":"","author":"","rights":"","xreference":""}', 0, '*', ''),
(9, 50, 'Tutoriais', 0x7475746f7269616973, '', '<p>&nbsp;</p>\r\n<p>&nbsp;</p>\r\n<p>&nbsp;</p>\r\n<p><img style="display: block; margin-left: auto; margin-right: auto;" alt="manutencao" src="images/manutencao.jpg" height="191" width="263" />\r\n</p>\r\n<p>&nbsp;</p>\r\n<p>&nbsp;</p>\r\n<p>&nbsp;</p> ', '', 1, 0, 0, 10, '2014-01-29 23:40:04', 386, '', '0000-00-00 00:00:00', 0, 0, '0000-00-00 00:00:00', '2014-01-29 23:40:04', '0000-00-00 00:00:00', '{"image_intro":"","float_intro":"","image_intro_alt":"","image_intro_caption":"","image_fulltext":"","float_fulltext":"","image_fulltext_alt":"","image_fulltext_caption":""}', '{"urla":null,"urlatext":"","targeta":"","urlb":null,"urlbtext":"","targetb":"","urlc":null,"urlctext":"","targetc":""}', '{"show_title":"","link_titles":"","show_intro":"","show_category":"","link_category":"","show_parent_category":"","link_parent_category":"","show_author":"","link_author":"","show_create_date":"","show_modify_date":"","show_publish_date":"","show_item_navigation":"","show_icons":"","show_print_icon":"","show_email_icon":"","show_vote":"","show_hits":"","show_noauth":"","urls_position":"","alternative_readmore":"","article_layout":"","show_publishing_options":"","show_article_options":"","show_urls_images_backend":"","show_urls_images_frontend":""}', 1, 0, 0, '', '', 1, 0, '{"robots":"","author":"","rights":"","xreference":""}', 0, '*', ''),
(10, 51, 'Inscrição', 0x696e7363726963616f, '', '<p>&nbsp;</p>\r\n<p>&nbsp;</p>\r\n<p>&nbsp;</p>\r\n<p><img style="display: block; margin-left: auto; margin-right: auto;" alt="manutencao" src="images/manutencao.jpg" height="191" width="263" />\r\n</p>\r\n<p>&nbsp;</p>\r\n<p>&nbsp;</p>\r\n<p>&nbsp;</p> ', '', 1, 0, 0, 11, '2014-01-29 23:40:36', 386, '', '0000-00-00 00:00:00', 0, 0, '0000-00-00 00:00:00', '2014-01-29 23:40:36', '0000-00-00 00:00:00', '{"image_intro":"","float_intro":"","image_intro_alt":"","image_intro_caption":"","image_fulltext":"","float_fulltext":"","image_fulltext_alt":"","image_fulltext_caption":""}', '{"urla":null,"urlatext":"","targeta":"","urlb":null,"urlbtext":"","targetb":"","urlc":null,"urlctext":"","targetc":""}', '{"show_title":"","link_titles":"","show_intro":"","show_category":"","link_category":"","show_parent_category":"","link_parent_category":"","show_author":"","link_author":"","show_create_date":"","show_modify_date":"","show_publish_date":"","show_item_navigation":"","show_icons":"","show_print_icon":"","show_email_icon":"","show_vote":"","show_hits":"","show_noauth":"","urls_position":"","alternative_readmore":"","article_layout":"","show_publishing_options":"","show_article_options":"","show_urls_images_backend":"","show_urls_images_frontend":""}', 1, 0, 0, '', '', 1, 7, '{"robots":"","author":"","rights":"","xreference":""}', 0, '*', ''),
(11, 52, 'Fale Conosco', 0x66616c652d636f6e6f73636f, '', '<p>&nbsp;</p>\r\n<p>&nbsp;</p>\r\n<p>&nbsp;</p>\r\n<p><img style="display: block; margin-left: auto; margin-right: auto;" alt="manutencao" src="images/manutencao.jpg" height="191" width="263" />\r\n</p>\r\n<p>&nbsp;</p>\r\n<p>&nbsp;</p>\r\n<p>&nbsp;</p> ', '', 1, 0, 0, 12, '2014-01-29 23:41:04', 386, '', '0000-00-00 00:00:00', 0, 0, '0000-00-00 00:00:00', '2014-01-29 23:41:04', '0000-00-00 00:00:00', '{"image_intro":"","float_intro":"","image_intro_alt":"","image_intro_caption":"","image_fulltext":"","float_fulltext":"","image_fulltext_alt":"","image_fulltext_caption":""}', '{"urla":null,"urlatext":"","targeta":"","urlb":null,"urlbtext":"","targetb":"","urlc":null,"urlctext":"","targetc":""}', '{"show_title":"","link_titles":"","show_intro":"","show_category":"","link_category":"","show_parent_category":"","link_parent_category":"","show_author":"","link_author":"","show_create_date":"","show_modify_date":"","show_publish_date":"","show_item_navigation":"","show_icons":"","show_print_icon":"","show_email_icon":"","show_vote":"","show_hits":"","show_noauth":"","urls_position":"","alternative_readmore":"","article_layout":"","show_publishing_options":"","show_article_options":"","show_urls_images_backend":"","show_urls_images_frontend":""}', 1, 0, 0, '', '', 1, 2, '{"robots":"","author":"","rights":"","xreference":""}', 0, '*', ''),
(12, 54, 'Objetivos', 0x6f626a657469766f73, '', '<p>&nbsp;</p>\r\n<p>&nbsp;</p>\r\n<p>&nbsp;</p>\r\n<p><img style="display: block; margin-left: auto; margin-right: auto;" alt="manutencao" src="images/manutencao.jpg" height="191" width="263" />\r\n</p>\r\n<p>&nbsp;</p>\r\n<p>&nbsp;</p>\r\n<p>&nbsp;</p> ', '', 1, 0, 0, 13, '2014-01-29 23:52:32', 386, '', '0000-00-00 00:00:00', 0, 0, '0000-00-00 00:00:00', '2014-01-29 23:52:32', '0000-00-00 00:00:00', '{"image_intro":"","float_intro":"","image_intro_alt":"","image_intro_caption":"","image_fulltext":"","float_fulltext":"","image_fulltext_alt":"","image_fulltext_caption":""}', '{"urla":null,"urlatext":"","targeta":"","urlb":null,"urlbtext":"","targetb":"","urlc":null,"urlctext":"","targetc":""}', '{"show_title":"","link_titles":"","show_intro":"","show_category":"","link_category":"","show_parent_category":"","link_parent_category":"","show_author":"","link_author":"","show_create_date":"","show_modify_date":"","show_publish_date":"","show_item_navigation":"","show_icons":"","show_print_icon":"","show_email_icon":"","show_vote":"","show_hits":"","show_noauth":"","urls_position":"","alternative_readmore":"","article_layout":"","show_publishing_options":"","show_article_options":"","show_urls_images_backend":"","show_urls_images_frontend":""}', 1, 0, 5, '', '', 1, 1, '{"robots":"","author":"","rights":"","xreference":""}', 0, '*', ''),
(13, 55, 'Estrutura', 0x657374727574757261, '', '<p>&nbsp;</p>\r\n<p>&nbsp;</p>\r\n<p>&nbsp;</p>\r\n<p><img style="display: block; margin-left: auto; margin-right: auto;" alt="manutencao" src="images/manutencao.jpg" height="191" width="263" />\r\n</p>\r\n<p>&nbsp;</p>\r\n<p>&nbsp;</p>\r\n<p>&nbsp;</p> ', '', 1, 0, 0, 13, '2014-01-29 23:52:55', 386, '', '0000-00-00 00:00:00', 0, 0, '0000-00-00 00:00:00', '2014-01-29 23:52:55', '0000-00-00 00:00:00', '{"image_intro":"","float_intro":"","image_intro_alt":"","image_intro_caption":"","image_fulltext":"","float_fulltext":"","image_fulltext_alt":"","image_fulltext_caption":""}', '{"urla":null,"urlatext":"","targeta":"","urlb":null,"urlbtext":"","targetb":"","urlc":null,"urlctext":"","targetc":""}', '{"show_title":"","link_titles":"","show_intro":"","show_category":"","link_category":"","show_parent_category":"","link_parent_category":"","show_author":"","link_author":"","show_create_date":"","show_modify_date":"","show_publish_date":"","show_item_navigation":"","show_icons":"","show_print_icon":"","show_email_icon":"","show_vote":"","show_hits":"","show_noauth":"","urls_position":"","alternative_readmore":"","article_layout":"","show_publishing_options":"","show_article_options":"","show_urls_images_backend":"","show_urls_images_frontend":""}', 1, 0, 4, '', '', 1, 4, '{"robots":"","author":"","rights":"","xreference":""}', 0, '*', ''),
(14, 56, 'Metodologia', 0x6d65746f646f6c6f676961, '', '<p>&nbsp;</p>\r\n<p>&nbsp;</p>\r\n<p>&nbsp;</p>\r\n<p><img style="display: block; margin-left: auto; margin-right: auto;" alt="manutencao" src="images/manutencao.jpg" height="191" width="263" />\r\n</p>\r\n<p>&nbsp;</p>\r\n<p>&nbsp;</p>\r\n<p>&nbsp;</p> ', '', 1, 0, 0, 13, '2014-01-29 23:53:15', 386, '', '0000-00-00 00:00:00', 0, 0, '0000-00-00 00:00:00', '2014-01-29 23:53:15', '0000-00-00 00:00:00', '{"image_intro":"","float_intro":"","image_intro_alt":"","image_intro_caption":"","image_fulltext":"","float_fulltext":"","image_fulltext_alt":"","image_fulltext_caption":""}', '{"urla":null,"urlatext":"","targeta":"","urlb":null,"urlbtext":"","targetb":"","urlc":null,"urlctext":"","targetc":""}', '{"show_title":"","link_titles":"","show_intro":"","show_category":"","link_category":"","show_parent_category":"","link_parent_category":"","show_author":"","link_author":"","show_create_date":"","show_modify_date":"","show_publish_date":"","show_item_navigation":"","show_icons":"","show_print_icon":"","show_email_icon":"","show_vote":"","show_hits":"","show_noauth":"","urls_position":"","alternative_readmore":"","article_layout":"","show_publishing_options":"","show_article_options":"","show_urls_images_backend":"","show_urls_images_frontend":""}', 1, 0, 3, '', '', 1, 2, '{"robots":"","author":"","rights":"","xreference":""}', 0, '*', ''),
(15, 57, 'Material', 0x6d6174657269616c, '', '<p>&nbsp;</p>\r\n<p>&nbsp;</p>\r\n<p>&nbsp;</p>\r\n<p><img style="display: block; margin-left: auto; margin-right: auto;" alt="manutencao" src="images/manutencao.jpg" height="191" width="263" />\r\n</p>\r\n<p>&nbsp;</p>\r\n<p>&nbsp;</p>\r\n<p>&nbsp;</p> ', '', 1, 0, 0, 13, '2014-01-29 23:53:31', 386, '', '0000-00-00 00:00:00', 0, 0, '0000-00-00 00:00:00', '2014-01-29 23:53:31', '0000-00-00 00:00:00', '{"image_intro":"","float_intro":"","image_intro_alt":"","image_intro_caption":"","image_fulltext":"","float_fulltext":"","image_fulltext_alt":"","image_fulltext_caption":""}', '{"urla":null,"urlatext":"","targeta":"","urlb":null,"urlbtext":"","targetb":"","urlc":null,"urlctext":"","targetc":""}', '{"show_title":"","link_titles":"","show_intro":"","show_category":"","link_category":"","show_parent_category":"","link_parent_category":"","show_author":"","link_author":"","show_create_date":"","show_modify_date":"","show_publish_date":"","show_item_navigation":"","show_icons":"","show_print_icon":"","show_email_icon":"","show_vote":"","show_hits":"","show_noauth":"","urls_position":"","alternative_readmore":"","article_layout":"","show_publishing_options":"","show_article_options":"","show_urls_images_backend":"","show_urls_images_frontend":""}', 1, 0, 2, '', '', 1, 1, '{"robots":"","author":"","rights":"","xreference":""}', 0, '*', ''),
(16, 58, 'Avaliação', 0x6176616c696163616f, '', '<p>&nbsp;</p>\r\n<p>&nbsp;</p>\r\n<p>&nbsp;</p>\r\n<p><img style="display: block; margin-left: auto; margin-right: auto;" alt="manutencao" src="images/manutencao.jpg" height="191" width="263" />\r\n</p>\r\n<p>&nbsp;</p>\r\n<p>&nbsp;</p>\r\n<p>&nbsp;</p> ', '', 1, 0, 0, 13, '2014-01-29 23:53:51', 386, '', '0000-00-00 00:00:00', 0, 0, '0000-00-00 00:00:00', '2014-01-29 23:53:51', '0000-00-00 00:00:00', '{"image_intro":"","float_intro":"","image_intro_alt":"","image_intro_caption":"","image_fulltext":"","float_fulltext":"","image_fulltext_alt":"","image_fulltext_caption":""}', '{"urla":null,"urlatext":"","targeta":"","urlb":null,"urlbtext":"","targetb":"","urlc":null,"urlctext":"","targetc":""}', '{"show_title":"","link_titles":"","show_intro":"","show_category":"","link_category":"","show_parent_category":"","link_parent_category":"","show_author":"","link_author":"","show_create_date":"","show_modify_date":"","show_publish_date":"","show_item_navigation":"","show_icons":"","show_print_icon":"","show_email_icon":"","show_vote":"","show_hits":"","show_noauth":"","urls_position":"","alternative_readmore":"","article_layout":"","show_publishing_options":"","show_article_options":"","show_urls_images_backend":"","show_urls_images_frontend":""}', 1, 0, 1, '', '', 1, 1, '{"robots":"","author":"","rights":"","xreference":""}', 0, '*', ''),
(17, 59, 'Certificação', 0x63657274696669636163616f, '', '<p>&nbsp;</p>\r\n<p>&nbsp;</p>\r\n<p>&nbsp;</p>\r\n<p><img style="display: block; margin-left: auto; margin-right: auto;" alt="manutencao" src="images/manutencao.jpg" height="191" width="263" />\r\n</p>\r\n<p>&nbsp;</p>\r\n<p>&nbsp;</p>\r\n<p>&nbsp;</p> ', '', 1, 0, 0, 13, '2014-01-29 23:54:08', 386, '', '0000-00-00 00:00:00', 0, 0, '0000-00-00 00:00:00', '2014-01-29 23:54:08', '0000-00-00 00:00:00', '{"image_intro":"","float_intro":"","image_intro_alt":"","image_intro_caption":"","image_fulltext":"","float_fulltext":"","image_fulltext_alt":"","image_fulltext_caption":""}', '{"urla":null,"urlatext":"","targeta":"","urlb":null,"urlbtext":"","targetb":"","urlc":null,"urlctext":"","targetc":""}', '{"show_title":"","link_titles":"","show_intro":"","show_category":"","link_category":"","show_parent_category":"","link_parent_category":"","show_author":"","link_author":"","show_create_date":"","show_modify_date":"","show_publish_date":"","show_item_navigation":"","show_icons":"","show_print_icon":"","show_email_icon":"","show_vote":"","show_hits":"","show_noauth":"","urls_position":"","alternative_readmore":"","article_layout":"","show_publishing_options":"","show_article_options":"","show_urls_images_backend":"","show_urls_images_frontend":""}', 1, 0, 0, '', '', 1, 0, '{"robots":"","author":"","rights":"","xreference":""}', 0, '*', '');

-- --------------------------------------------------------

-- 
-- Estrutura da tabela `jom_content_frontpage`
-- 

CREATE TABLE `jom_content_frontpage` (
  `content_id` int(11) NOT NULL default '0',
  `ordering` int(11) NOT NULL default '0',
  PRIMARY KEY  (`content_id`)
) ENGINE=InnoDB DEFAULT CHARSET=utf8;

-- 
-- Extraindo dados da tabela `jom_content_frontpage`
-- 

INSERT INTO `jom_content_frontpage` (`content_id`, `ordering`) VALUES 
(1, 1);

-- --------------------------------------------------------

-- 
-- Estrutura da tabela `jom_content_rating`
-- 

CREATE TABLE `jom_content_rating` (
  `content_id` int(11) NOT NULL default '0',
  `rating_sum` int(10) unsigned NOT NULL default '0',
  `rating_count` int(10) unsigned NOT NULL default '0',
  `lastip` varchar(50) NOT NULL default '',
  PRIMARY KEY  (`content_id`)
) ENGINE=InnoDB DEFAULT CHARSET=utf8;

-- 
-- Extraindo dados da tabela `jom_content_rating`
-- 


-- --------------------------------------------------------

-- 
-- Estrutura da tabela `jom_core_log_searches`
-- 

CREATE TABLE `jom_core_log_searches` (
  `search_term` varchar(128) NOT NULL default '',
  `hits` int(10) unsigned NOT NULL default '0'
) ENGINE=InnoDB DEFAULT CHARSET=utf8;

-- 
-- Extraindo dados da tabela `jom_core_log_searches`
-- 


-- --------------------------------------------------------

-- 
-- Estrutura da tabela `jom_extensions`
-- 

CREATE TABLE `jom_extensions` (
  `extension_id` int(11) NOT NULL auto_increment,
  `name` varchar(100) NOT NULL,
  `type` varchar(20) NOT NULL,
  `element` varchar(100) NOT NULL,
  `folder` varchar(100) NOT NULL,
  `client_id` tinyint(3) NOT NULL,
  `enabled` tinyint(3) NOT NULL default '1',
  `access` int(10) unsigned NOT NULL default '1',
  `protected` tinyint(3) NOT NULL default '0',
  `manifest_cache` text NOT NULL,
  `params` text NOT NULL,
  `custom_data` text NOT NULL,
  `system_data` text NOT NULL,
  `checked_out` int(10) unsigned NOT NULL default '0',
  `checked_out_time` datetime NOT NULL default '0000-00-00 00:00:00',
  `ordering` int(11) default '0',
  `state` int(11) default '0',
  PRIMARY KEY  (`extension_id`),
  KEY `element_clientid` (`element`,`client_id`),
  KEY `element_folder_clientid` (`element`,`folder`,`client_id`),
  KEY `extension` (`type`,`element`,`folder`,`client_id`)
) ENGINE=InnoDB  DEFAULT CHARSET=utf8 AUTO_INCREMENT=10013 ;

-- 
-- Extraindo dados da tabela `jom_extensions`
-- 

INSERT INTO `jom_extensions` (`extension_id`, `name`, `type`, `element`, `folder`, `client_id`, `enabled`, `access`, `protected`, `manifest_cache`, `params`, `custom_data`, `system_data`, `checked_out`, `checked_out_time`, `ordering`, `state`) VALUES 
(1, 'com_mailto', 'component', 'com_mailto', '', 0, 1, 1, 1, '{"legacy":false,"name":"com_mailto","type":"component","creationDate":"April 2006","author":"Joomla! Project","copyright":"(C) 2005 - 2012 Open Source Matters. All rights reserved.\\t","authorEmail":"admin@joomla.org","authorUrl":"www.joomla.org","version":"2.5.0","description":"COM_MAILTO_XML_DESCRIPTION","group":""}', '', '', '', 0, '0000-00-00 00:00:00', 0, 0),
(2, 'com_wrapper', 'component', 'com_wrapper', '', 0, 1, 1, 1, '{"legacy":false,"name":"com_wrapper","type":"component","creationDate":"April 2006","author":"Joomla! Project","copyright":"(C) 2005 - 2012 Open Source Matters. All rights reserved.\\n\\t","authorEmail":"admin@joomla.org","authorUrl":"www.joomla.org","version":"2.5.0","description":"COM_WRAPPER_XML_DESCRIPTION","group":""}', '', '', '', 0, '0000-00-00 00:00:00', 0, 0),
(3, 'com_admin', 'component', 'com_admin', '', 1, 1, 1, 1, '{"legacy":false,"name":"com_admin","type":"component","creationDate":"April 2006","author":"Joomla! Project","copyright":"(C) 2005 - 2012 Open Source Matters. All rights reserved.\\n\\t","authorEmail":"admin@joomla.org","authorUrl":"www.joomla.org","version":"2.5.0","description":"COM_ADMIN_XML_DESCRIPTION","group":""}', '', '', '', 0, '0000-00-00 00:00:00', 0, 0),
(4, 'com_banners', 'component', 'com_banners', '', 1, 1, 1, 0, '{"legacy":false,"name":"com_banners","type":"component","creationDate":"April 2006","author":"Joomla! Project","copyright":"(C) 2005 - 2012 Open Source Matters. All rights reserved.\\n\\t","authorEmail":"admin@joomla.org","authorUrl":"www.joomla.org","version":"2.5.0","description":"COM_BANNERS_XML_DESCRIPTION","group":""}', '{"purchase_type":"3","track_impressions":"0","track_clicks":"0","metakey_prefix":""}', '', '', 0, '0000-00-00 00:00:00', 0, 0),
(5, 'com_cache', 'component', 'com_cache', '', 1, 1, 1, 1, '{"legacy":false,"name":"com_cache","type":"component","creationDate":"April 2006","author":"Joomla! Project","copyright":"(C) 2005 - 2012 Open Source Matters. All rights reserved.\\t","authorEmail":"admin@joomla.org","authorUrl":"www.joomla.org","version":"2.5.0","description":"COM_CACHE_XML_DESCRIPTION","group":""}', '', '', '', 0, '0000-00-00 00:00:00', 0, 0),
(6, 'com_categories', 'component', 'com_categories', '', 1, 1, 1, 1, '{"legacy":false,"name":"com_categories","type":"component","creationDate":"December 2007","author":"Joomla! Project","copyright":"(C) 2005 - 2012 Open Source Matters. All rights reserved.","authorEmail":"admin@joomla.org","authorUrl":"www.joomla.org","version":"2.5.0","description":"COM_CATEGORIES_XML_DESCRIPTION","group":""}', '', '', '', 0, '0000-00-00 00:00:00', 0, 0),
(7, 'com_checkin', 'component', 'com_checkin', '', 1, 1, 1, 1, '{"legacy":false,"name":"com_checkin","type":"component","creationDate":"Unknown","author":"Joomla! Project","copyright":"(C) 2005 - 2008 Open Source Matters. All rights reserved.\\n\\t","authorEmail":"admin@joomla.org","authorUrl":"www.joomla.org","version":"2.5.0","description":"COM_CHECKIN_XML_DESCRIPTION","group":""}', '', '', '', 0, '0000-00-00 00:00:00', 0, 0),
(8, 'com_contact', 'component', 'com_contact', '', 1, 1, 1, 0, '{"legacy":false,"name":"com_contact","type":"component","creationDate":"April 2006","author":"Joomla! Project","copyright":"(C) 2005 - 2012 Open Source Matters. All rights reserved.\\n\\t","authorEmail":"admin@joomla.org","authorUrl":"www.joomla.org","version":"2.5.0","description":"COM_CONTACT_XML_DESCRIPTION","group":""}', '{"show_contact_category":"hide","show_contact_list":"0","presentation_style":"sliders","show_name":"1","show_position":"1","show_email":"0","show_street_address":"1","show_suburb":"1","show_state":"1","show_postcode":"1","show_country":"1","show_telephone":"1","show_mobile":"1","show_fax":"1","show_webpage":"1","show_misc":"1","show_image":"1","image":"","allow_vcard":"0","show_articles":"0","show_profile":"0","show_links":"0","linka_name":"","linkb_name":"","linkc_name":"","linkd_name":"","linke_name":"","contact_icons":"0","icon_address":"","icon_email":"","icon_telephone":"","icon_mobile":"","icon_fax":"","icon_misc":"","show_headings":"1","show_position_headings":"1","show_email_headings":"0","show_telephone_headings":"1","show_mobile_headings":"0","show_fax_headings":"0","allow_vcard_headings":"0","show_suburb_headings":"1","show_state_headings":"1","show_country_headings":"1","show_email_form":"1","show_email_copy":"1","banned_email":"","banned_subject":"","banned_text":"","validate_session":"1","custom_reply":"0","redirect":"","show_category_crumb":"0","metakey":"","metadesc":"","robots":"","author":"","rights":"","xreference":""}', '', '', 0, '0000-00-00 00:00:00', 0, 0),
(9, 'com_cpanel', 'component', 'com_cpanel', '', 1, 1, 1, 1, '{"legacy":false,"name":"com_cpanel","type":"component","creationDate":"April 2006","author":"Joomla! Project","copyright":"(C) 2005 - 2012 Open Source Matters. All rights reserved.","authorEmail":"admin@joomla.org","authorUrl":"www.joomla.org","version":"2.5.0","description":"COM_CPANEL_XML_DESCRIPTION","group":""}', '', '', '', 0, '0000-00-00 00:00:00', 0, 0),
(10, 'com_installer', 'component', 'com_installer', '', 1, 1, 1, 1, '{"legacy":false,"name":"com_installer","type":"component","creationDate":"April 2006","author":"Joomla! Project","copyright":"(C) 2005 - 2012 Open Source Matters. All rights reserved.\\t","authorEmail":"admin@joomla.org","authorUrl":"www.joomla.org","version":"2.5.0","description":"COM_INSTALLER_XML_DESCRIPTION","group":""}', '{}', '', '', 0, '0000-00-00 00:00:00', 0, 0),
(11, 'com_languages', 'component', 'com_languages', '', 1, 1, 1, 1, '{"legacy":false,"name":"com_languages","type":"component","creationDate":"2006","author":"Joomla! Project","copyright":"(C) 2005 - 2012 Open Source Matters. All rights reserved.\\n\\t","authorEmail":"admin@joomla.org","authorUrl":"www.joomla.org","version":"2.5.0","description":"COM_LANGUAGES_XML_DESCRIPTION","group":""}', '{"administrator":"pt-BR","site":"pt-BR"}', '', '', 0, '0000-00-00 00:00:00', 0, 0),
(12, 'com_login', 'component', 'com_login', '', 1, 1, 1, 1, '{"legacy":false,"name":"com_login","type":"component","creationDate":"April 2006","author":"Joomla! Project","copyright":"(C) 2005 - 2012 Open Source Matters. All rights reserved.\\t","authorEmail":"admin@joomla.org","authorUrl":"www.joomla.org","version":"2.5.0","description":"COM_LOGIN_XML_DESCRIPTION","group":""}', '', '', '', 0, '0000-00-00 00:00:00', 0, 0),
(13, 'com_media', 'component', 'com_media', '', 1, 1, 0, 1, '{"legacy":false,"name":"com_media","type":"component","creationDate":"April 2006","author":"Joomla! Project","copyright":"(C) 2005 - 2012 Open Source Matters. All rights reserved.\\t","authorEmail":"admin@joomla.org","authorUrl":"www.joomla.org","version":"2.5.0","description":"COM_MEDIA_XML_DESCRIPTION","group":""}', '{"upload_extensions":"bmp,csv,doc,gif,ico,jpg,jpeg,odg,odp,ods,odt,pdf,png,ppt,swf,txt,xcf,xls,BMP,CSV,DOC,GIF,ICO,JPG,JPEG,ODG,ODP,ODS,ODT,PDF,PNG,PPT,SWF,TXT,XCF,XLS","upload_maxsize":"10","file_path":"images","image_path":"images","restrict_uploads":"1","allowed_media_usergroup":"3","check_mime":"1","image_extensions":"bmp,gif,jpg,png","ignore_extensions":"","upload_mime":"image\\/jpeg,image\\/gif,image\\/png,image\\/bmp,application\\/x-shockwave-flash,application\\/msword,application\\/excel,application\\/pdf,application\\/powerpoint,text\\/plain,application\\/x-zip","upload_mime_illegal":"text\\/html","enable_flash":"0"}', '', '', 0, '0000-00-00 00:00:00', 0, 0),
(14, 'com_menus', 'component', 'com_menus', '', 1, 1, 1, 1, '{"legacy":false,"name":"com_menus","type":"component","creationDate":"April 2006","author":"Joomla! Project","copyright":"(C) 2005 - 2012 Open Source Matters. All rights reserved.\\t","authorEmail":"admin@joomla.org","authorUrl":"www.joomla.org","version":"2.5.0","description":"COM_MENUS_XML_DESCRIPTION","group":""}', '{}', '', '', 0, '0000-00-00 00:00:00', 0, 0),
(15, 'com_messages', 'component', 'com_messages', '', 1, 1, 1, 1, '{"legacy":false,"name":"com_messages","type":"component","creationDate":"April 2006","author":"Joomla! Project","copyright":"(C) 2005 - 2012 Open Source Matters. All rights reserved.\\t","authorEmail":"admin@joomla.org","authorUrl":"www.joomla.org","version":"2.5.0","description":"COM_MESSAGES_XML_DESCRIPTION","group":""}', '', '', '', 0, '0000-00-00 00:00:00', 0, 0),
(16, 'com_modules', 'component', 'com_modules', '', 1, 1, 1, 1, '{"legacy":false,"name":"com_modules","type":"component","creationDate":"April 2006","author":"Joomla! Project","copyright":"(C) 2005 - 2012 Open Source Matters. All rights reserved.\\t","authorEmail":"admin@joomla.org","authorUrl":"www.joomla.org","version":"2.5.0","description":"COM_MODULES_XML_DESCRIPTION","group":""}', '{}', '', '', 0, '0000-00-00 00:00:00', 0, 0),
(17, 'com_newsfeeds', 'component', 'com_newsfeeds', '', 1, 1, 1, 0, '{"legacy":false,"name":"com_newsfeeds","type":"component","creationDate":"April 2006","author":"Joomla! Project","copyright":"(C) 2005 - 2012 Open Source Matters. All rights reserved.\\t","authorEmail":"admin@joomla.org","authorUrl":"www.joomla.org","version":"2.5.0","description":"COM_NEWSFEEDS_XML_DESCRIPTION","group":""}', '{"show_feed_image":"1","show_feed_description":"1","show_item_description":"1","feed_word_count":"0","show_headings":"1","show_name":"1","show_articles":"0","show_link":"1","show_description":"1","show_description_image":"1","display_num":"","show_pagination_limit":"1","show_pagination":"1","show_pagination_results":"1","show_cat_items":"1"}', '', '', 0, '0000-00-00 00:00:00', 0, 0),
(18, 'com_plugins', 'component', 'com_plugins', '', 1, 1, 1, 1, '{"legacy":false,"name":"com_plugins","type":"component","creationDate":"April 2006","author":"Joomla! Project","copyright":"(C) 2005 - 2012 Open Source Matters. All rights reserved.\\t","authorEmail":"admin@joomla.org","authorUrl":"www.joomla.org","version":"2.5.0","description":"COM_PLUGINS_XML_DESCRIPTION","group":""}', '{}', '', '', 0, '0000-00-00 00:00:00', 0, 0),
(19, 'com_search', 'component', 'com_search', '', 1, 1, 1, 1, '{"legacy":false,"name":"com_search","type":"component","creationDate":"April 2006","author":"Joomla! Project","copyright":"(C) 2005 - 2012 Open Source Matters. All rights reserved.\\n\\t","authorEmail":"admin@joomla.org","authorUrl":"www.joomla.org","version":"2.5.0","description":"COM_SEARCH_XML_DESCRIPTION","group":""}', '{"enabled":"0","show_date":"1"}', '', '', 0, '0000-00-00 00:00:00', 0, 0),
(20, 'com_templates', 'component', 'com_templates', '', 1, 1, 1, 1, '{"legacy":false,"name":"com_templates","type":"component","creationDate":"April 2006","author":"Joomla! Project","copyright":"(C) 2005 - 2012 Open Source Matters. All rights reserved.\\t","authorEmail":"admin@joomla.org","authorUrl":"www.joomla.org","version":"2.5.0","description":"COM_TEMPLATES_XML_DESCRIPTION","group":""}', '{}', '', '', 0, '0000-00-00 00:00:00', 0, 0),
(21, 'com_weblinks', 'component', 'com_weblinks', '', 1, 1, 1, 0, '{"legacy":false,"name":"com_weblinks","type":"component","creationDate":"April 2006","author":"Joomla! Project","copyright":"(C) 2005 - 2012 Open Source Matters. All rights reserved.\\n\\t","authorEmail":"admin@joomla.org","authorUrl":"www.joomla.org","version":"2.5.0","description":"COM_WEBLINKS_XML_DESCRIPTION","group":""}', '{"show_comp_description":"1","comp_description":"","show_link_hits":"1","show_link_description":"1","show_other_cats":"0","show_headings":"0","show_numbers":"0","show_report":"1","count_clicks":"1","target":"0","link_icons":""}', '', '', 0, '0000-00-00 00:00:00', 0, 0),
(22, 'com_content', 'component', 'com_content', '', 1, 1, 0, 1, '{"legacy":false,"name":"com_content","type":"component","creationDate":"April 2006","author":"Joomla! Project","copyright":"(C) 2005 - 2012 Open Source Matters. All rights reserved.\\t","authorEmail":"admin@joomla.org","authorUrl":"www.joomla.org","version":"2.5.0","description":"COM_CONTENT_XML_DESCRIPTION","group":""}', '{"article_layout":"_:default","show_title":"1","link_titles":"1","show_intro":"0","show_category":"0","link_category":"0","show_parent_category":"0","link_parent_category":"0","show_author":"0","link_author":"0","show_create_date":"0","show_modify_date":"0","show_publish_date":"0","show_item_navigation":"0","show_vote":"0","show_readmore":"1","show_readmore_title":"1","readmore_limit":"100","show_icons":"0","show_print_icon":"0","show_email_icon":"0","show_hits":"0","show_noauth":"0","urls_position":"0","show_publishing_options":"1","show_article_options":"1","show_urls_images_frontend":"0","show_urls_images_backend":"1","targeta":0,"targetb":0,"targetc":0,"float_intro":"left","float_fulltext":"left","category_layout":"_:blog","show_category_title":"0","show_description":"0","show_description_image":"0","maxLevel":"1","show_empty_categories":"0","show_no_articles":"1","show_subcat_desc":"1","show_cat_num_articles":"0","show_base_description":"1","maxLevelcat":"-1","show_empty_categories_cat":"0","show_subcat_desc_cat":"1","show_cat_num_articles_cat":"1","num_leading_articles":"1","num_intro_articles":"4","num_columns":"2","num_links":"4","multi_column_order":"0","show_subcategory_content":"0","show_pagination_limit":"1","filter_field":"hide","show_headings":"1","list_show_date":"0","date_format":"","list_show_hits":"1","list_show_author":"1","orderby_pri":"order","orderby_sec":"rdate","order_date":"published","show_pagination":"2","show_pagination_results":"1","show_feed_link":"1","feed_summary":"0","feed_show_readmore":"0"}', '', '', 0, '0000-00-00 00:00:00', 0, 0),
(23, 'com_config', 'component', 'com_config', '', 1, 1, 0, 1, '{"legacy":false,"name":"com_config","type":"component","creationDate":"April 2006","author":"Joomla! Project","copyright":"(C) 2005 - 2012 Open Source Matters. All rights reserved.\\t","authorEmail":"admin@joomla.org","authorUrl":"www.joomla.org","version":"2.5.0","description":"COM_CONFIG_XML_DESCRIPTION","group":""}', '{"filters":{"1":{"filter_type":"NH","filter_tags":"","filter_attributes":""},"6":{"filter_type":"BL","filter_tags":"","filter_attributes":""},"7":{"filter_type":"NONE","filter_tags":"","filter_attributes":""},"2":{"filter_type":"NH","filter_tags":"","filter_attributes":""},"3":{"filter_type":"BL","filter_tags":"","filter_attributes":""},"4":{"filter_type":"BL","filter_tags":"","filter_attributes":""},"5":{"filter_type":"BL","filter_tags":"","filter_attributes":""},"8":{"filter_type":"NONE","filter_tags":"","filter_attributes":""}}}', '', '', 0, '0000-00-00 00:00:00', 0, 0),
(24, 'com_redirect', 'component', 'com_redirect', '', 1, 1, 0, 1, '{"legacy":false,"name":"com_redirect","type":"component","creationDate":"April 2006","author":"Joomla! Project","copyright":"(C) 2005 - 2012 Open Source Matters. All rights reserved.\\t","authorEmail":"admin@joomla.org","authorUrl":"www.joomla.org","version":"2.5.0","description":"COM_REDIRECT_XML_DESCRIPTION","group":""}', '{}', '', '', 0, '0000-00-00 00:00:00', 0, 0),
(25, 'com_users', 'component', 'com_users', '', 1, 1, 0, 1, '{"legacy":false,"name":"com_users","type":"component","creationDate":"April 2006","author":"Joomla! Project","copyright":"(C) 2005 - 2012 Open Source Matters. All rights reserved.\\t","authorEmail":"admin@joomla.org","authorUrl":"www.joomla.org","version":"2.5.0","description":"COM_USERS_XML_DESCRIPTION","group":""}', '{"allowUserRegistration":"1","new_usertype":"2","useractivation":"1","frontend_userparams":"1","mailSubjectPrefix":"","mailBodySuffix":""}', '', '', 0, '0000-00-00 00:00:00', 0, 0),
(27, 'com_finder', 'component', 'com_finder', '', 1, 1, 0, 0, '{"legacy":false,"name":"com_finder","type":"component","creationDate":"August 2011","author":"Joomla! Project","copyright":"(C) 2005 - 2012 Open Source Matters. All rights reserved.","authorEmail":"admin@joomla.org","authorUrl":"www.joomla.org","version":"2.5.0","description":"COM_FINDER_XML_DESCRIPTION","group":""}', '{"show_description":"1","description_length":255,"allow_empty_query":"0","show_url":"1","show_advanced":"1","expand_advanced":"0","show_date_filters":"0","highlight_terms":"1","opensearch_name":"","opensearch_description":"","batch_size":"50","memory_table_limit":30000,"title_multiplier":"1.7","text_multiplier":"0.7","meta_multiplier":"1.2","path_multiplier":"2.0","misc_multiplier":"0.3","stemmer":"snowball"}', '', '', 0, '0000-00-00 00:00:00', 0, 0),
(28, 'com_joomlaupdate', 'component', 'com_joomlaupdate', '', 1, 1, 0, 1, '{"legacy":false,"name":"com_joomlaupdate","type":"component","creationDate":"February 2012","author":"Joomla! Project","copyright":"(C) 2005 - 2012 Open Source Matters. All rights reserved.\\t","authorEmail":"admin@joomla.org","authorUrl":"www.joomla.org","version":"2.5.0","description":"COM_JOOMLAUPDATE_XML_DESCRIPTION","group":""}', '{}', '', '', 0, '0000-00-00 00:00:00', 0, 0),
(100, 'PHPMailer', 'library', 'phpmailer', '', 0, 1, 1, 1, '{"legacy":false,"name":"PHPMailer","type":"library","creationDate":"2001","author":"PHPMailer","copyright":"(c) 2001-2003, Brent R. Matzelle, (c) 2004-2009, Andy Prevost. All Rights Reserved., (c) 2010-2011, Jim Jagielski. All Rights Reserved.","authorEmail":"jimjag@gmail.com","authorUrl":"https:\\/\\/code.google.com\\/a\\/apache-extras.org\\/p\\/phpmailer\\/","version":"5.2","description":"LIB_PHPMAILER_XML_DESCRIPTION","group":""}', '', '', '', 0, '0000-00-00 00:00:00', 0, 0),
(101, 'SimplePie', 'library', 'simplepie', '', 0, 1, 1, 1, '{"legacy":false,"name":"SimplePie","type":"library","creationDate":"2004","author":"SimplePie","copyright":"Copyright (c) 2004-2009, Ryan Parman and Geoffrey Sneddon","authorEmail":"","authorUrl":"http:\\/\\/simplepie.org\\/","version":"1.2","description":"LIB_SIMPLEPIE_XML_DESCRIPTION","group":""}', '', '', '', 0, '0000-00-00 00:00:00', 0, 0),
(102, 'phputf8', 'library', 'phputf8', '', 0, 1, 1, 1, '{"legacy":false,"name":"phputf8","type":"library","creationDate":"2006","author":"Harry Fuecks","copyright":"Copyright various authors","authorEmail":"hfuecks@gmail.com","authorUrl":"http:\\/\\/sourceforge.net\\/projects\\/phputf8","version":"0.5","description":"LIB_PHPUTF8_XML_DESCRIPTION","group":""}', '', '', '', 0, '0000-00-00 00:00:00', 0, 0),
(103, 'Joomla! Platform', 'library', 'joomla', '', 0, 1, 1, 1, '{"legacy":false,"name":"Joomla! Platform","type":"library","creationDate":"2008","author":"Joomla! Project","copyright":"Copyright (C) 2005 - 2012 Open Source Matters. All rights reserved.","authorEmail":"admin@joomla.org","authorUrl":"http:\\/\\/www.joomla.org","version":"11.4","description":"LIB_JOOMLA_XML_DESCRIPTION","group":""}', '{}', '', '', 0, '0000-00-00 00:00:00', 0, 0),
(200, 'mod_articles_archive', 'module', 'mod_articles_archive', '', 0, 1, 1, 1, '{"legacy":false,"name":"mod_articles_archive","type":"module","creationDate":"July 2006","author":"Joomla! Project","copyright":"Copyright (C) 2005 - 2012 Open Source Matters.\\n\\t\\tAll rights reserved.","authorEmail":"admin@joomla.org","authorUrl":"www.joomla.org","version":"2.5.0","description":"MOD_ARTICLES_ARCHIVE_XML_DESCRIPTION","group":""}', '', '', '', 0, '0000-00-00 00:00:00', 0, 0),
(201, 'mod_articles_latest', 'module', 'mod_articles_latest', '', 0, 1, 1, 1, '{"legacy":false,"name":"mod_articles_latest","type":"module","creationDate":"July 2004","author":"Joomla! Project","copyright":"Copyright (C) 2005 - 2012 Open Source Matters. All rights reserved.","authorEmail":"admin@joomla.org","authorUrl":"www.joomla.org","version":"2.5.0","description":"MOD_LATEST_NEWS_XML_DESCRIPTION","group":""}', '', '', '', 0, '0000-00-00 00:00:00', 0, 0),
(202, 'mod_articles_popular', 'module', 'mod_articles_popular', '', 0, 1, 1, 0, '{"legacy":false,"name":"mod_articles_popular","type":"module","creationDate":"July 2006","author":"Joomla! Project","copyright":"Copyright (C) 2005 - 2012 Open Source Matters. All rights reserved.","authorEmail":"admin@joomla.org","authorUrl":"www.joomla.org","version":"2.5.0","description":"MOD_POPULAR_XML_DESCRIPTION","group":""}', '', '', '', 0, '0000-00-00 00:00:00', 0, 0),
(203, 'mod_banners', 'module', 'mod_banners', '', 0, 1, 1, 1, '{"legacy":false,"name":"mod_banners","type":"module","creationDate":"July 2006","author":"Joomla! Project","copyright":"Copyright (C) 2005 - 2012 Open Source Matters. All rights reserved.","authorEmail":"admin@joomla.org","authorUrl":"www.joomla.org","version":"2.5.0","description":"MOD_BANNERS_XML_DESCRIPTION","group":""}', '', '', '', 0, '0000-00-00 00:00:00', 0, 0),
(204, 'mod_breadcrumbs', 'module', 'mod_breadcrumbs', '', 0, 1, 1, 1, '{"legacy":false,"name":"mod_breadcrumbs","type":"module","creationDate":"July 2006","author":"Joomla! Project","copyright":"Copyright (C) 2005 - 2012 Open Source Matters. All rights reserved.","authorEmail":"admin@joomla.org","authorUrl":"www.joomla.org","version":"2.5.0","description":"MOD_BREADCRUMBS_XML_DESCRIPTION","group":""}', '', '', '', 0, '0000-00-00 00:00:00', 0, 0),
(205, 'mod_custom', 'module', 'mod_custom', '', 0, 1, 1, 1, '{"legacy":false,"name":"mod_custom","type":"module","creationDate":"July 2004","author":"Joomla! Project","copyright":"Copyright (C) 2005 - 2012 Open Source Matters. All rights reserved.","authorEmail":"admin@joomla.org","authorUrl":"www.joomla.org","version":"2.5.0","description":"MOD_CUSTOM_XML_DESCRIPTION","group":""}', '', '', '', 0, '0000-00-00 00:00:00', 0, 0),
(206, 'mod_feed', 'module', 'mod_feed', '', 0, 1, 1, 1, '{"legacy":false,"name":"mod_feed","type":"module","creationDate":"July 2005","author":"Joomla! Project","copyright":"Copyright (C) 2005 - 2012 Open Source Matters. All rights reserved.","authorEmail":"admin@joomla.org","authorUrl":"www.joomla.org","version":"2.5.0","description":"MOD_FEED_XML_DESCRIPTION","group":""}', '', '', '', 0, '0000-00-00 00:00:00', 0, 0),
(207, 'mod_footer', 'module', 'mod_footer', '', 0, 1, 1, 1, '{"legacy":false,"name":"mod_footer","type":"module","creationDate":"July 2006","author":"Joomla! Project","copyright":"Copyright (C) 2005 - 2012 Open Source Matters. All rights reserved.","authorEmail":"admin@joomla.org","authorUrl":"www.joomla.org","version":"2.5.0","description":"MOD_FOOTER_XML_DESCRIPTION","group":""}', '', '', '', 0, '0000-00-00 00:00:00', 0, 0),
(208, 'mod_login', 'module', 'mod_login', '', 0, 1, 1, 1, '{"legacy":false,"name":"mod_login","type":"module","creationDate":"July 2006","author":"Joomla! Project","copyright":"Copyright (C) 2005 - 2012 Open Source Matters. All rights reserved.","authorEmail":"admin@joomla.org","authorUrl":"www.joomla.org","version":"2.5.0","description":"MOD_LOGIN_XML_DESCRIPTION","group":""}', '', '', '', 0, '0000-00-00 00:00:00', 0, 0),
(209, 'mod_menu', 'module', 'mod_menu', '', 0, 1, 1, 1, '{"legacy":false,"name":"mod_menu","type":"module","creationDate":"July 2004","author":"Joomla! Project","copyright":"Copyright (C) 2005 - 2012 Open Source Matters. All rights reserved.","authorEmail":"admin@joomla.org","authorUrl":"www.joomla.org","version":"2.5.0","description":"MOD_MENU_XML_DESCRIPTION","group":""}', '', '', '', 0, '0000-00-00 00:00:00', 0, 0),
(210, 'mod_articles_news', 'module', 'mod_articles_news', '', 0, 1, 1, 0, '{"legacy":false,"name":"mod_articles_news","type":"module","creationDate":"July 2006","author":"Joomla! Project","copyright":"Copyright (C) 2005 - 2012 Open Source Matters. All rights reserved.","authorEmail":"admin@joomla.org","authorUrl":"www.joomla.org","version":"2.5.0","description":"MOD_ARTICLES_NEWS_XML_DESCRIPTION","group":""}', '', '', '', 0, '0000-00-00 00:00:00', 0, 0),
(211, 'mod_random_image', 'module', 'mod_random_image', '', 0, 1, 1, 0, '{"legacy":false,"name":"mod_random_image","type":"module","creationDate":"July 2006","author":"Joomla! Project","copyright":"Copyright (C) 2005 - 2012 Open Source Matters. All rights reserved.","authorEmail":"admin@joomla.org","authorUrl":"www.joomla.org","version":"2.5.0","description":"MOD_RANDOM_IMAGE_XML_DESCRIPTION","group":""}', '', '', '', 0, '0000-00-00 00:00:00', 0, 0),
(212, 'mod_related_items', 'module', 'mod_related_items', '', 0, 1, 1, 0, '{"legacy":false,"name":"mod_related_items","type":"module","creationDate":"July 2004","author":"Joomla! Project","copyright":"Copyright (C) 2005 - 2012 Open Source Matters. All rights reserved.","authorEmail":"admin@joomla.org","authorUrl":"www.joomla.org","version":"2.5.0","description":"MOD_RELATED_XML_DESCRIPTION","group":""}', '', '', '', 0, '0000-00-00 00:00:00', 0, 0),
(213, 'mod_search', 'module', 'mod_search', '', 0, 1, 1, 0, '{"legacy":false,"name":"mod_search","type":"module","creationDate":"July 2004","author":"Joomla! Project","copyright":"Copyright (C) 2005 - 2012 Open Source Matters. All rights reserved.","authorEmail":"admin@joomla.org","authorUrl":"www.joomla.org","version":"2.5.0","description":"MOD_SEARCH_XML_DESCRIPTION","group":""}', '', '', '', 0, '0000-00-00 00:00:00', 0, 0),
(214, 'mod_stats', 'module', 'mod_stats', '', 0, 1, 1, 0, '{"legacy":false,"name":"mod_stats","type":"module","creationDate":"July 2004","author":"Joomla! Project","copyright":"Copyright (C) 2005 - 2012 Open Source Matters. All rights reserved.","authorEmail":"admin@joomla.org","authorUrl":"www.joomla.org","version":"2.5.0","description":"MOD_STATS_XML_DESCRIPTION","group":""}', '', '', '', 0, '0000-00-00 00:00:00', 0, 0),
(215, 'mod_syndicate', 'module', 'mod_syndicate', '', 0, 1, 1, 1, '{"legacy":false,"name":"mod_syndicate","type":"module","creationDate":"May 2006","author":"Joomla! Project","copyright":"Copyright (C) 2005 - 2012 Open Source Matters. All rights reserved.","authorEmail":"admin@joomla.org","authorUrl":"www.joomla.org","version":"2.5.0","description":"MOD_SYNDICATE_XML_DESCRIPTION","group":""}', '', '', '', 0, '0000-00-00 00:00:00', 0, 0),
(216, 'mod_users_latest', 'module', 'mod_users_latest', '', 0, 1, 1, 1, '{"legacy":false,"name":"mod_users_latest","type":"module","creationDate":"December 2009","author":"Joomla! Project","copyright":"Copyright (C) 2005 - 2012 Open Source Matters. All rights reserved.","authorEmail":"admin@joomla.org","authorUrl":"www.joomla.org","version":"2.5.0","description":"MOD_USERS_LATEST_XML_DESCRIPTION","group":""}', '', '', '', 0, '0000-00-00 00:00:00', 0, 0),
(217, 'mod_weblinks', 'module', 'mod_weblinks', '', 0, 1, 1, 0, '{"legacy":false,"name":"mod_weblinks","type":"module","creationDate":"July 2009","author":"Joomla! Project","copyright":"Copyright (C) 2005 - 2012 Open Source Matters. All rights reserved.","authorEmail":"admin@joomla.org","authorUrl":"www.joomla.org","version":"2.5.0","description":"MOD_WEBLINKS_XML_DESCRIPTION","group":""}', '', '', '', 0, '0000-00-00 00:00:00', 0, 0),
(218, 'mod_whosonline', 'module', 'mod_whosonline', '', 0, 1, 1, 0, '{"legacy":false,"name":"mod_whosonline","type":"module","creationDate":"July 2004","author":"Joomla! Project","copyright":"Copyright (C) 2005 - 2012 Open Source Matters. All rights reserved.","authorEmail":"admin@joomla.org","authorUrl":"www.joomla.org","version":"2.5.0","description":"MOD_WHOSONLINE_XML_DESCRIPTION","group":""}', '', '', '', 0, '0000-00-00 00:00:00', 0, 0),
(219, 'mod_wrapper', 'module', 'mod_wrapper', '', 0, 1, 1, 0, '{"legacy":false,"name":"mod_wrapper","type":"module","creationDate":"October 2004","author":"Joomla! Project","copyright":"Copyright (C) 2005 - 2012 Open Source Matters. All rights reserved.","authorEmail":"admin@joomla.org","authorUrl":"www.joomla.org","version":"2.5.0","description":"MOD_WRAPPER_XML_DESCRIPTION","group":""}', '', '', '', 0, '0000-00-00 00:00:00', 0, 0),
(220, 'mod_articles_category', 'module', 'mod_articles_category', '', 0, 1, 1, 1, '{"legacy":false,"name":"mod_articles_category","type":"module","creationDate":"February 2010","author":"Joomla! Project","copyright":"Copyright (C) 2005 - 2012 Open Source Matters. All rights reserved.","authorEmail":"admin@joomla.org","authorUrl":"www.joomla.org","version":"2.5.0","description":"MOD_ARTICLES_CATEGORY_XML_DESCRIPTION","group":""}', '', '', '', 0, '0000-00-00 00:00:00', 0, 0),
(221, 'mod_articles_categories', 'module', 'mod_articles_categories', '', 0, 1, 1, 1, '{"legacy":false,"name":"mod_articles_categories","type":"module","creationDate":"February 2010","author":"Joomla! Project","copyright":"Copyright (C) 2005 - 2012 Open Source Matters. All rights reserved.","authorEmail":"admin@joomla.org","authorUrl":"www.joomla.org","version":"2.5.0","description":"MOD_ARTICLES_CATEGORIES_XML_DESCRIPTION","group":""}', '', '', '', 0, '0000-00-00 00:00:00', 0, 0),
(222, 'mod_languages', 'module', 'mod_languages', '', 0, 1, 1, 1, '{"legacy":false,"name":"mod_languages","type":"module","creationDate":"February 2010","author":"Joomla! Project","copyright":"Copyright (C) 2005 - 2012 Open Source Matters. All rights reserved.","authorEmail":"admin@joomla.org","authorUrl":"www.joomla.org","version":"2.5.0","description":"MOD_LANGUAGES_XML_DESCRIPTION","group":""}', '', '', '', 0, '0000-00-00 00:00:00', 0, 0),
(223, 'mod_finder', 'module', 'mod_finder', '', 0, 1, 0, 0, '{"legacy":false,"name":"mod_finder","type":"module","creationDate":"August 2011","author":"Joomla! Project","copyright":"(C) 2005 - 2012 Open Source Matters. All rights reserved.","authorEmail":"admin@joomla.org","authorUrl":"www.joomla.org","version":"2.5.0","description":"MOD_FINDER_XML_DESCRIPTION","group":""}', '', '', '', 0, '0000-00-00 00:00:00', 0, 0),
(300, 'mod_custom', 'module', 'mod_custom', '', 1, 1, 1, 1, '{"legacy":false,"name":"mod_custom","type":"module","creationDate":"July 2004","author":"Joomla! Project","copyright":"Copyright (C) 2005 - 2012 Open Source Matters. All rights reserved.","authorEmail":"admin@joomla.org","authorUrl":"www.joomla.org","version":"2.5.0","description":"MOD_CUSTOM_XML_DESCRIPTION","group":""}', '', '', '', 0, '0000-00-00 00:00:00', 0, 0),
(301, 'mod_feed', 'module', 'mod_feed', '', 1, 1, 1, 0, '{"legacy":false,"name":"mod_feed","type":"module","creationDate":"July 2005","author":"Joomla! Project","copyright":"Copyright (C) 2005 - 2012 Open Source Matters. All rights reserved.","authorEmail":"admin@joomla.org","authorUrl":"www.joomla.org","version":"2.5.0","description":"MOD_FEED_XML_DESCRIPTION","group":""}', '', '', '', 0, '0000-00-00 00:00:00', 0, 0),
(302, 'mod_latest', 'module', 'mod_latest', '', 1, 1, 1, 0, '{"legacy":false,"name":"mod_latest","type":"module","creationDate":"July 2004","author":"Joomla! Project","copyright":"Copyright (C) 2005 - 2012 Open Source Matters. All rights reserved.","authorEmail":"admin@joomla.org","authorUrl":"www.joomla.org","version":"2.5.0","description":"MOD_LATEST_XML_DESCRIPTION","group":""}', '', '', '', 0, '0000-00-00 00:00:00', 0, 0),
(303, 'mod_logged', 'module', 'mod_logged', '', 1, 1, 1, 0, '{"legacy":false,"name":"mod_logged","type":"module","creationDate":"January 2005","author":"Joomla! Project","copyright":"Copyright (C) 2005 - 2012 Open Source Matters. All rights reserved.","authorEmail":"admin@joomla.org","authorUrl":"www.joomla.org","version":"2.5.0","description":"MOD_LOGGED_XML_DESCRIPTION","group":""}', '', '', '', 0, '0000-00-00 00:00:00', 0, 0),
(304, 'mod_login', 'module', 'mod_login', '', 1, 1, 1, 1, '{"legacy":false,"name":"mod_login","type":"module","creationDate":"March 2005","author":"Joomla! Project","copyright":"Copyright (C) 2005 - 2012 Open Source Matters. All rights reserved.","authorEmail":"admin@joomla.org","authorUrl":"www.joomla.org","version":"2.5.0","description":"MOD_LOGIN_XML_DESCRIPTION","group":""}', '', '', '', 0, '0000-00-00 00:00:00', 0, 0),
(305, 'mod_menu', 'module', 'mod_menu', '', 1, 1, 1, 0, '{"legacy":false,"name":"mod_menu","type":"module","creationDate":"March 2006","author":"Joomla! Project","copyright":"Copyright (C) 2005 - 2012 Open Source Matters. All rights reserved.","authorEmail":"admin@joomla.org","authorUrl":"www.joomla.org","version":"2.5.0","description":"MOD_MENU_XML_DESCRIPTION","group":""}', '', '', '', 0, '0000-00-00 00:00:00', 0, 0),
(307, 'mod_popular', 'module', 'mod_popular', '', 1, 1, 1, 0, '{"legacy":false,"name":"mod_popular","type":"module","creationDate":"July 2004","author":"Joomla! Project","copyright":"Copyright (C) 2005 - 2012 Open Source Matters. All rights reserved.","authorEmail":"admin@joomla.org","authorUrl":"www.joomla.org","version":"2.5.0","description":"MOD_POPULAR_XML_DESCRIPTION","group":""}', '', '', '', 0, '0000-00-00 00:00:00', 0, 0),
(308, 'mod_quickicon', 'module', 'mod_quickicon', '', 1, 1, 1, 1, '{"legacy":false,"name":"mod_quickicon","type":"module","creationDate":"Nov 2005","author":"Joomla! Project","copyright":"Copyright (C) 2005 - 2012 Open Source Matters. All rights reserved.","authorEmail":"admin@joomla.org","authorUrl":"www.joomla.org","version":"2.5.0","description":"MOD_QUICKICON_XML_DESCRIPTION","group":""}', '', '', '', 0, '0000-00-00 00:00:00', 0, 0),
(309, 'mod_status', 'module', 'mod_status', '', 1, 1, 1, 0, '{"legacy":false,"name":"mod_status","type":"module","creationDate":"Feb 2006","author":"Joomla! Project","copyright":"(C) 2005 - 2012 Open Source Matters. All rights reserved.","authorEmail":"admin@joomla.org","authorUrl":"www.joomla.org","version":"2.5.0","description":"MOD_STATUS_XML_DESCRIPTION","group":""}', '', '', '', 0, '0000-00-00 00:00:00', 0, 0),
(310, 'mod_submenu', 'module', 'mod_submenu', '', 1, 1, 1, 0, '{"legacy":false,"name":"mod_submenu","type":"module","creationDate":"Feb 2006","author":"Joomla! Project","copyright":"Copyright (C) 2005 - 2012 Open Source Matters. All rights reserved.","authorEmail":"admin@joomla.org","authorUrl":"www.joomla.org","version":"2.5.0","description":"MOD_SUBMENU_XML_DESCRIPTION","group":""}', '', '', '', 0, '0000-00-00 00:00:00', 0, 0),
(311, 'mod_title', 'module', 'mod_title', '', 1, 1, 1, 0, '{"legacy":false,"name":"mod_title","type":"module","creationDate":"Nov 2005","author":"Joomla! Project","copyright":"Copyright (C) 2005 - 2012 Open Source Matters. All rights reserved.","authorEmail":"admin@joomla.org","authorUrl":"www.joomla.org","version":"2.5.0","description":"MOD_TITLE_XML_DESCRIPTION","group":""}', '', '', '', 0, '0000-00-00 00:00:00', 0, 0),
(312, 'mod_toolbar', 'module', 'mod_toolbar', '', 1, 1, 1, 1, '{"legacy":false,"name":"mod_toolbar","type":"module","creationDate":"Nov 2005","author":"Joomla! Project","copyright":"Copyright (C) 2005 - 2012 Open Source Matters. All rights reserved.","authorEmail":"admin@joomla.org","authorUrl":"www.joomla.org","version":"2.5.0","description":"MOD_TOOLBAR_XML_DESCRIPTION","group":""}', '', '', '', 0, '0000-00-00 00:00:00', 0, 0),
(313, 'mod_multilangstatus', 'module', 'mod_multilangstatus', '', 1, 1, 1, 0, '{"legacy":false,"name":"mod_multilangstatus","type":"module","creationDate":"September 2011","author":"Joomla! Project","copyright":"Copyright (C) 2005 - 2012 Open Source Matters. All rights reserved.","authorEmail":"admin@joomla.org","authorUrl":"www.joomla.org","version":"2.5.0","description":"MOD_MULTILANGSTATUS_XML_DESCRIPTION","group":""}', '{"cache":"0"}', '', '', 0, '0000-00-00 00:00:00', 0, 0),
(314, 'mod_version', 'module', 'mod_version', '', 1, 1, 1, 0, '{"legacy":false,"name":"mod_version","type":"module","creationDate":"January 2012","author":"Joomla! Project","copyright":"Copyright (C) 2005 - 2012 Open Source Matters. All rights reserved.","authorEmail":"admin@joomla.org","authorUrl":"www.joomla.org","version":"2.5.0","description":"MOD_VERSION_XML_DESCRIPTION","group":""}', '{"format":"short","product":"1","cache":"0"}', '', '', 0, '0000-00-00 00:00:00', 0, 0),
(400, 'plg_authentication_gmail', 'plugin', 'gmail', 'authentication', 0, 0, 1, 0, '{"legacy":false,"name":"plg_authentication_gmail","type":"plugin","creationDate":"February 2006","author":"Joomla! Project","copyright":"Copyright (C) 2005 - 2012 Open Source Matters. All rights reserved.","authorEmail":"admin@joomla.org","authorUrl":"www.joomla.org","version":"2.5.0","description":"PLG_GMAIL_XML_DESCRIPTION","group":""}', '{"applysuffix":"0","suffix":"","verifypeer":"1","user_blacklist":""}', '', '', 0, '0000-00-00 00:00:00', 1, 0),
(401, 'plg_authentication_joomla', 'plugin', 'joomla', 'authentication', 0, 1, 1, 1, '{"legacy":false,"name":"plg_authentication_joomla","type":"plugin","creationDate":"November 2005","author":"Joomla! Project","copyright":"Copyright (C) 2005 - 2012 Open Source Matters. All rights reserved.","authorEmail":"admin@joomla.org","authorUrl":"www.joomla.org","version":"2.5.0","description":"PLG_AUTH_JOOMLA_XML_DESCRIPTION","group":""}', '{}', '', '', 0, '0000-00-00 00:00:00', 0, 0),
(402, 'plg_authentication_ldap', 'plugin', 'ldap', 'authentication', 0, 0, 1, 0, '{"legacy":false,"name":"plg_authentication_ldap","type":"plugin","creationDate":"November 2005","author":"Joomla! Project","copyright":"Copyright (C) 2005 - 2012 Open Source Matters. All rights reserved.","authorEmail":"admin@joomla.org","authorUrl":"www.joomla.org","version":"2.5.0","description":"PLG_LDAP_XML_DESCRIPTION","group":""}', '{"host":"","port":"389","use_ldapV3":"0","negotiate_tls":"0","no_referrals":"0","auth_method":"bind","base_dn":"","search_string":"","users_dn":"","username":"admin","password":"bobby7","ldap_fullname":"fullName","ldap_email":"mail","ldap_uid":"uid"}', '', '', 0, '0000-00-00 00:00:00', 3, 0),
(404, 'plg_content_emailcloak', 'plugin', 'emailcloak', 'content', 0, 1, 1, 0, '{"legacy":false,"name":"plg_content_emailcloak","type":"plugin","creationDate":"November 2005","author":"Joomla! Project","copyright":"Copyright (C) 2005 - 2012 Open Source Matters. All rights reserved.","authorEmail":"admin@joomla.org","authorUrl":"www.joomla.org","version":"2.5.0","description":"PLG_CONTENT_EMAILCLOAK_XML_DESCRIPTION","group":""}', '{"mode":"1"}', '', '', 0, '0000-00-00 00:00:00', 1, 0),
(405, 'plg_content_geshi', 'plugin', 'geshi', 'content', 0, 0, 1, 0, '{"legacy":false,"name":"plg_content_geshi","type":"plugin","creationDate":"November 2005","author":"Joomla! Project","copyright":"Copyright (C) 2005 - 2012 Open Source Matters. All rights reserved.","authorEmail":"","authorUrl":"qbnz.com\\/highlighter","version":"2.5.0","description":"PLG_CONTENT_GESHI_XML_DESCRIPTION","group":""}', '{}', '', '', 0, '0000-00-00 00:00:00', 2, 0),
(406, 'plg_content_loadmodule', 'plugin', 'loadmodule', 'content', 0, 1, 1, 0, '{"legacy":false,"name":"plg_content_loadmodule","type":"plugin","creationDate":"November 2005","author":"Joomla! Project","copyright":"Copyright (C) 2005 - 2012 Open Source Matters. All rights reserved.","authorEmail":"admin@joomla.org","authorUrl":"www.joomla.org","version":"2.5.0","description":"PLG_LOADMODULE_XML_DESCRIPTION","group":""}', '{"style":"xhtml"}', '', '', 0, '2011-09-18 15:22:50', 0, 0),
(407, 'plg_content_pagebreak', 'plugin', 'pagebreak', 'content', 0, 1, 1, 1, '{"legacy":false,"name":"plg_content_pagebreak","type":"plugin","creationDate":"November 2005","author":"Joomla! Project","copyright":"Copyright (C) 2005 - 2012 Open Source Matters. All rights reserved.","authorEmail":"admin@joomla.org","authorUrl":"www.joomla.org","version":"2.5.0","description":"PLG_CONTENT_PAGEBREAK_XML_DESCRIPTION","group":""}', '{"title":"1","multipage_toc":"1","showall":"1"}', '', '', 0, '0000-00-00 00:00:00', 4, 0),
(408, 'plg_content_pagenavigation', 'plugin', 'pagenavigation', 'content', 0, 1, 1, 1, '{"legacy":false,"name":"plg_content_pagenavigation","type":"plugin","creationDate":"January 2006","author":"Joomla! Project","copyright":"Copyright (C) 2005 - 2012 Open Source Matters. All rights reserved.","authorEmail":"admin@joomla.org","authorUrl":"www.joomla.org","version":"2.5.0","description":"PLG_PAGENAVIGATION_XML_DESCRIPTION","group":""}', '{"position":"1"}', '', '', 0, '0000-00-00 00:00:00', 5, 0),
(409, 'plg_content_vote', 'plugin', 'vote', 'content', 0, 1, 1, 1, '{"legacy":false,"name":"plg_content_vote","type":"plugin","creationDate":"November 2005","author":"Joomla! Project","copyright":"Copyright (C) 2005 - 2012 Open Source Matters. All rights reserved.","authorEmail":"admin@joomla.org","authorUrl":"www.joomla.org","version":"2.5.0","description":"PLG_VOTE_XML_DESCRIPTION","group":""}', '{}', '', '', 0, '0000-00-00 00:00:00', 6, 0),
(410, 'plg_editors_codemirror', 'plugin', 'codemirror', 'editors', 0, 1, 1, 1, '{"legacy":false,"name":"plg_editors_codemirror","type":"plugin","creationDate":"28 March 2011","author":"Marijn Haverbeke","copyright":"","authorEmail":"N\\/A","authorUrl":"","version":"1.0","description":"PLG_CODEMIRROR_XML_DESCRIPTION","group":""}', '{"linenumbers":"0","tabmode":"indent"}', '', '', 0, '0000-00-00 00:00:00', 1, 0),
(411, 'plg_editors_none', 'plugin', 'none', 'editors', 0, 1, 1, 1, '{"legacy":false,"name":"plg_editors_none","type":"plugin","creationDate":"August 2004","author":"Unknown","copyright":"","authorEmail":"N\\/A","authorUrl":"","version":"2.5.0","description":"PLG_NONE_XML_DESCRIPTION","group":""}', '{}', '', '', 0, '0000-00-00 00:00:00', 2, 0),
(412, 'plg_editors_tinymce', 'plugin', 'tinymce', 'editors', 0, 1, 1, 1, '{"legacy":false,"name":"plg_editors_tinymce","type":"plugin","creationDate":"2005-2012","author":"Moxiecode Systems AB","copyright":"Moxiecode Systems AB","authorEmail":"N\\/A","authorUrl":"tinymce.moxiecode.com\\/","version":"3.5.2","description":"PLG_TINY_XML_DESCRIPTION","group":""}', '{"mode":"1","skin":"0","entity_encoding":"raw","lang_mode":"0","lang_code":"en","text_direction":"ltr","content_css":"1","content_css_custom":"","relative_urls":"1","newlines":"0","invalid_elements":"script,applet,iframe","extended_elements":"","toolbar":"top","toolbar_align":"left","html_height":"550","html_width":"750","resizing":"true","resize_horizontal":"false","element_path":"1","fonts":"1","paste":"1","searchreplace":"1","insertdate":"1","format_date":"%Y-%m-%d","inserttime":"1","format_time":"%H:%M:%S","colors":"1","table":"1","smilies":"1","media":"1","hr":"1","directionality":"1","fullscreen":"1","style":"1","layer":"1","xhtmlxtras":"1","visualchars":"1","nonbreaking":"1","template":"1","blockquote":"1","wordcount":"1","advimage":"1","advlink":"1","advlist":"1","autosave":"1","contextmenu":"1","inlinepopups":"1","custom_plugin":"","custom_button":""}', '', '', 0, '0000-00-00 00:00:00', 3, 0),
(413, 'plg_editors-xtd_article', 'plugin', 'article', 'editors-xtd', 0, 1, 1, 1, '{"legacy":false,"name":"plg_editors-xtd_article","type":"plugin","creationDate":"October 2009","author":"Joomla! Project","copyright":"Copyright (C) 2005 - 2012 Open Source Matters. All rights reserved.","authorEmail":"admin@joomla.org","authorUrl":"www.joomla.org","version":"2.5.0","description":"PLG_ARTICLE_XML_DESCRIPTION","group":""}', '{}', '', '', 0, '0000-00-00 00:00:00', 1, 0),
(414, 'plg_editors-xtd_image', 'plugin', 'image', 'editors-xtd', 0, 1, 1, 0, '{"legacy":false,"name":"plg_editors-xtd_image","type":"plugin","creationDate":"August 2004","author":"Joomla! Project","copyright":"Copyright (C) 2005 - 2012 Open Source Matters. All rights reserved.","authorEmail":"admin@joomla.org","authorUrl":"www.joomla.org","version":"2.5.0","description":"PLG_IMAGE_XML_DESCRIPTION","group":""}', '{}', '', '', 0, '0000-00-00 00:00:00', 2, 0),
(415, 'plg_editors-xtd_pagebreak', 'plugin', 'pagebreak', 'editors-xtd', 0, 1, 1, 0, '{"legacy":false,"name":"plg_editors-xtd_pagebreak","type":"plugin","creationDate":"August 2004","author":"Joomla! Project","copyright":"Copyright (C) 2005 - 2012 Open Source Matters. All rights reserved.","authorEmail":"admin@joomla.org","authorUrl":"www.joomla.org","version":"2.5.0","description":"PLG_EDITORSXTD_PAGEBREAK_XML_DESCRIPTION","group":""}', '{}', '', '', 0, '0000-00-00 00:00:00', 3, 0),
(416, 'plg_editors-xtd_readmore', 'plugin', 'readmore', 'editors-xtd', 0, 1, 1, 0, '{"legacy":false,"name":"plg_editors-xtd_readmore","type":"plugin","creationDate":"March 2006","author":"Joomla! Project","copyright":"Copyright (C) 2005 - 2012 Open Source Matters. All rights reserved.","authorEmail":"admin@joomla.org","authorUrl":"www.joomla.org","version":"2.5.0","description":"PLG_READMORE_XML_DESCRIPTION","group":""}', '{}', '', '', 0, '0000-00-00 00:00:00', 4, 0),
(417, 'plg_search_categories', 'plugin', 'categories', 'search', 0, 1, 1, 0, '{"legacy":false,"name":"plg_search_categories","type":"plugin","creationDate":"November 2005","author":"Joomla! Project","copyright":"Copyright (C) 2005 - 2012 Open Source Matters. All rights reserved.","authorEmail":"admin@joomla.org","authorUrl":"www.joomla.org","version":"2.5.0","description":"PLG_SEARCH_CATEGORIES_XML_DESCRIPTION","group":""}', '{"search_limit":"50","search_content":"1","search_archived":"1"}', '', '', 0, '0000-00-00 00:00:00', 0, 0),
(418, 'plg_search_contacts', 'plugin', 'contacts', 'search', 0, 1, 1, 0, '{"legacy":false,"name":"plg_search_contacts","type":"plugin","creationDate":"November 2005","author":"Joomla! Project","copyright":"Copyright (C) 2005 - 2012 Open Source Matters. All rights reserved.","authorEmail":"admin@joomla.org","authorUrl":"www.joomla.org","version":"2.5.0","description":"PLG_SEARCH_CONTACTS_XML_DESCRIPTION","group":""}', '{"search_limit":"50","search_content":"1","search_archived":"1"}', '', '', 0, '0000-00-00 00:00:00', 0, 0),
(419, 'plg_search_content', 'plugin', 'content', 'search', 0, 1, 1, 0, '{"legacy":false,"name":"plg_search_content","type":"plugin","creationDate":"November 2005","author":"Joomla! Project","copyright":"Copyright (C) 2005 - 2012 Open Source Matters. All rights reserved.","authorEmail":"admin@joomla.org","authorUrl":"www.joomla.org","version":"2.5.0","description":"PLG_SEARCH_CONTENT_XML_DESCRIPTION","group":""}', '{"search_limit":"50","search_content":"1","search_archived":"1"}', '', '', 0, '0000-00-00 00:00:00', 0, 0),
(420, 'plg_search_newsfeeds', 'plugin', 'newsfeeds', 'search', 0, 1, 1, 0, '{"legacy":false,"name":"plg_search_newsfeeds","type":"plugin","creationDate":"November 2005","author":"Joomla! Project","copyright":"Copyright (C) 2005 - 2012 Open Source Matters. All rights reserved.","authorEmail":"admin@joomla.org","authorUrl":"www.joomla.org","version":"2.5.0","description":"PLG_SEARCH_NEWSFEEDS_XML_DESCRIPTION","group":""}', '{"search_limit":"50","search_content":"1","search_archived":"1"}', '', '', 0, '0000-00-00 00:00:00', 0, 0),
(421, 'plg_search_weblinks', 'plugin', 'weblinks', 'search', 0, 1, 1, 0, '{"legacy":false,"name":"plg_search_weblinks","type":"plugin","creationDate":"November 2005","author":"Joomla! Project","copyright":"Copyright (C) 2005 - 2012 Open Source Matters. All rights reserved.","authorEmail":"admin@joomla.org","authorUrl":"www.joomla.org","version":"2.5.0","description":"PLG_SEARCH_WEBLINKS_XML_DESCRIPTION","group":""}', '{"search_limit":"50","search_content":"1","search_archived":"1"}', '', '', 0, '0000-00-00 00:00:00', 0, 0),
(422, 'plg_system_languagefilter', 'plugin', 'languagefilter', 'system', 0, 0, 1, 1, '{"legacy":false,"name":"plg_system_languagefilter","type":"plugin","creationDate":"July 2010","author":"Joomla! Project","copyright":"Copyright (C) 2005 - 2012 Open Source Matters. All rights reserved.","authorEmail":"admin@joomla.org","authorUrl":"www.joomla.org","version":"2.5.0","description":"PLG_SYSTEM_LANGUAGEFILTER_XML_DESCRIPTION","group":""}', '{}', '', '', 0, '0000-00-00 00:00:00', 1, 0),
(423, 'plg_system_p3p', 'plugin', 'p3p', 'system', 0, 1, 1, 1, '{"legacy":false,"name":"plg_system_p3p","type":"plugin","creationDate":"September 2010","author":"Joomla! Project","copyright":"Copyright (C) 2005 - 2012 Open Source Matters. All rights reserved.","authorEmail":"admin@joomla.org","authorUrl":"www.joomla.org","version":"2.5.0","description":"PLG_P3P_XML_DESCRIPTION","group":""}', '{"headers":"NOI ADM DEV PSAi COM NAV OUR OTRo STP IND DEM"}', '', '', 0, '0000-00-00 00:00:00', 2, 0),
(424, 'plg_system_cache', 'plugin', 'cache', 'system', 0, 0, 1, 1, '{"legacy":false,"name":"plg_system_cache","type":"plugin","creationDate":"February 2007","author":"Joomla! Project","copyright":"Copyright (C) 2005 - 2012 Open Source Matters. All rights reserved.","authorEmail":"admin@joomla.org","authorUrl":"www.joomla.org","version":"2.5.0","description":"PLG_CACHE_XML_DESCRIPTION","group":""}', '{"browsercache":"0","cachetime":"15"}', '', '', 0, '0000-00-00 00:00:00', 9, 0),
(425, 'plg_system_debug', 'plugin', 'debug', 'system', 0, 1, 1, 0, '{"legacy":false,"name":"plg_system_debug","type":"plugin","creationDate":"December 2006","author":"Joomla! Project","copyright":"Copyright (C) 2005 - 2012 Open Source Matters. All rights reserved.","authorEmail":"admin@joomla.org","authorUrl":"www.joomla.org","version":"2.5.0","description":"PLG_DEBUG_XML_DESCRIPTION","group":""}', '{"profile":"1","queries":"1","memory":"1","language_files":"1","language_strings":"1","strip-first":"1","strip-prefix":"","strip-suffix":""}', '', '', 0, '0000-00-00 00:00:00', 4, 0),
(426, 'plg_system_log', 'plugin', 'log', 'system', 0, 1, 1, 1, '{"legacy":false,"name":"plg_system_log","type":"plugin","creationDate":"April 2007","author":"Joomla! Project","copyright":"Copyright (C) 2005 - 2012 Open Source Matters. All rights reserved.","authorEmail":"admin@joomla.org","authorUrl":"www.joomla.org","version":"2.5.0","description":"PLG_LOG_XML_DESCRIPTION","group":""}', '{}', '', '', 0, '0000-00-00 00:00:00', 5, 0),
(427, 'plg_system_redirect', 'plugin', 'redirect', 'system', 0, 1, 1, 1, '{"legacy":false,"name":"plg_system_redirect","type":"plugin","creationDate":"April 2009","author":"Joomla! Project","copyright":"Copyright (C) 2005 - 2012 Open Source Matters. All rights reserved.","authorEmail":"admin@joomla.org","authorUrl":"www.joomla.org","version":"2.5.0","description":"PLG_REDIRECT_XML_DESCRIPTION","group":""}', '{}', '', '', 0, '0000-00-00 00:00:00', 6, 0);
INSERT INTO `jom_extensions` (`extension_id`, `name`, `type`, `element`, `folder`, `client_id`, `enabled`, `access`, `protected`, `manifest_cache`, `params`, `custom_data`, `system_data`, `checked_out`, `checked_out_time`, `ordering`, `state`) VALUES 
(428, 'plg_system_remember', 'plugin', 'remember', 'system', 0, 1, 1, 1, '{"legacy":false,"name":"plg_system_remember","type":"plugin","creationDate":"April 2007","author":"Joomla! Project","copyright":"Copyright (C) 2005 - 2012 Open Source Matters. All rights reserved.","authorEmail":"admin@joomla.org","authorUrl":"www.joomla.org","version":"2.5.0","description":"PLG_REMEMBER_XML_DESCRIPTION","group":""}', '{}', '', '', 0, '0000-00-00 00:00:00', 7, 0),
(429, 'plg_system_sef', 'plugin', 'sef', 'system', 0, 1, 1, 0, '{"legacy":false,"name":"plg_system_sef","type":"plugin","creationDate":"December 2007","author":"Joomla! Project","copyright":"Copyright (C) 2005 - 2012 Open Source Matters. All rights reserved.","authorEmail":"admin@joomla.org","authorUrl":"www.joomla.org","version":"2.5.0","description":"PLG_SEF_XML_DESCRIPTION","group":""}', '{}', '', '', 0, '0000-00-00 00:00:00', 8, 0),
(430, 'plg_system_logout', 'plugin', 'logout', 'system', 0, 1, 1, 1, '{"legacy":false,"name":"plg_system_logout","type":"plugin","creationDate":"April 2009","author":"Joomla! Project","copyright":"Copyright (C) 2005 - 2012 Open Source Matters. All rights reserved.","authorEmail":"admin@joomla.org","authorUrl":"www.joomla.org","version":"2.5.0","description":"PLG_SYSTEM_LOGOUT_XML_DESCRIPTION","group":""}', '{}', '', '', 0, '0000-00-00 00:00:00', 3, 0),
(431, 'plg_user_contactcreator', 'plugin', 'contactcreator', 'user', 0, 0, 1, 1, '{"legacy":false,"name":"plg_user_contactcreator","type":"plugin","creationDate":"August 2009","author":"Joomla! Project","copyright":"(C) 2005 - 2012 Open Source Matters. All rights reserved.","authorEmail":"admin@joomla.org","authorUrl":"www.joomla.org","version":"2.5.0","description":"PLG_CONTACTCREATOR_XML_DESCRIPTION","group":""}', '{"autowebpage":"","category":"34","autopublish":"0"}', '', '', 0, '0000-00-00 00:00:00', 1, 0),
(432, 'plg_user_joomla', 'plugin', 'joomla', 'user', 0, 1, 1, 0, '{"legacy":false,"name":"plg_user_joomla","type":"plugin","creationDate":"December 2006","author":"Joomla! Project","copyright":"(C) 2005 - 2009 Open Source Matters. All rights reserved.","authorEmail":"admin@joomla.org","authorUrl":"www.joomla.org","version":"2.5.0","description":"PLG_USER_JOOMLA_XML_DESCRIPTION","group":""}', '{"autoregister":"1"}', '', '', 0, '0000-00-00 00:00:00', 2, 0),
(433, 'plg_user_profile', 'plugin', 'profile', 'user', 0, 0, 1, 1, '{"legacy":false,"name":"plg_user_profile","type":"plugin","creationDate":"January 2008","author":"Joomla! Project","copyright":"(C) 2005 - 2012 Open Source Matters. All rights reserved.","authorEmail":"admin@joomla.org","authorUrl":"www.joomla.org","version":"2.5.0","description":"PLG_USER_PROFILE_XML_DESCRIPTION","group":""}', '{"register-require_address1":"1","register-require_address2":"1","register-require_city":"1","register-require_region":"1","register-require_country":"1","register-require_postal_code":"1","register-require_phone":"1","register-require_website":"1","register-require_favoritebook":"1","register-require_aboutme":"1","register-require_tos":"1","register-require_dob":"1","profile-require_address1":"1","profile-require_address2":"1","profile-require_city":"1","profile-require_region":"1","profile-require_country":"1","profile-require_postal_code":"1","profile-require_phone":"1","profile-require_website":"1","profile-require_favoritebook":"1","profile-require_aboutme":"1","profile-require_tos":"1","profile-require_dob":"1"}', '', '', 0, '0000-00-00 00:00:00', 0, 0),
(434, 'plg_extension_joomla', 'plugin', 'joomla', 'extension', 0, 1, 1, 1, '{"legacy":false,"name":"plg_extension_joomla","type":"plugin","creationDate":"May 2010","author":"Joomla! Project","copyright":"Copyright (C) 2005 - 2012 Open Source Matters. All rights reserved.","authorEmail":"admin@joomla.org","authorUrl":"www.joomla.org","version":"2.5.0","description":"PLG_EXTENSION_JOOMLA_XML_DESCRIPTION","group":""}', '{}', '', '', 0, '0000-00-00 00:00:00', 1, 0),
(435, 'plg_content_joomla', 'plugin', 'joomla', 'content', 0, 1, 1, 0, '{"legacy":false,"name":"plg_content_joomla","type":"plugin","creationDate":"November 2010","author":"Joomla! Project","copyright":"Copyright (C) 2005 - 2012 Open Source Matters. All rights reserved.","authorEmail":"admin@joomla.org","authorUrl":"www.joomla.org","version":"2.5.0","description":"PLG_CONTENT_JOOMLA_XML_DESCRIPTION","group":""}', '{}', '', '', 0, '0000-00-00 00:00:00', 0, 0),
(436, 'plg_system_languagecode', 'plugin', 'languagecode', 'system', 0, 0, 1, 0, '{"legacy":false,"name":"plg_system_languagecode","type":"plugin","creationDate":"November 2011","author":"Joomla! Project","copyright":"Copyright (C) 2005 - 2012 Open Source Matters. All rights reserved.","authorEmail":"admin@joomla.org","authorUrl":"www.joomla.org","version":"2.5.0","description":"PLG_SYSTEM_LANGUAGECODE_XML_DESCRIPTION","group":""}', '{}', '', '', 0, '0000-00-00 00:00:00', 10, 0),
(437, 'plg_quickicon_joomlaupdate', 'plugin', 'joomlaupdate', 'quickicon', 0, 1, 1, 1, '{"legacy":false,"name":"plg_quickicon_joomlaupdate","type":"plugin","creationDate":"August 2011","author":"Joomla! Project","copyright":"Copyright (C) 2005 - 2012 Open Source Matters. All rights reserved.","authorEmail":"admin@joomla.org","authorUrl":"www.joomla.org","version":"2.5.0","description":"PLG_QUICKICON_JOOMLAUPDATE_XML_DESCRIPTION","group":""}', '{}', '', '', 0, '0000-00-00 00:00:00', 0, 0),
(438, 'plg_quickicon_extensionupdate', 'plugin', 'extensionupdate', 'quickicon', 0, 1, 1, 1, '{"legacy":false,"name":"plg_quickicon_extensionupdate","type":"plugin","creationDate":"August 2011","author":"Joomla! Project","copyright":"Copyright (C) 2005 - 2012 Open Source Matters. All rights reserved.","authorEmail":"admin@joomla.org","authorUrl":"www.joomla.org","version":"2.5.0","description":"PLG_QUICKICON_EXTENSIONUPDATE_XML_DESCRIPTION","group":""}', '{}', '', '', 0, '0000-00-00 00:00:00', 0, 0),
(439, 'plg_captcha_recaptcha', 'plugin', 'recaptcha', 'captcha', 0, 1, 1, 0, '{"legacy":false,"name":"plg_captcha_recaptcha","type":"plugin","creationDate":"December 2011","author":"Joomla! Project","copyright":"Copyright (C) 2005 - 2012 Open Source Matters. All rights reserved.","authorEmail":"admin@joomla.org","authorUrl":"www.joomla.org","version":"2.5.0","description":"PLG_CAPTCHA_RECAPTCHA_XML_DESCRIPTION","group":""}', '{"public_key":"","private_key":"","theme":"clean"}', '', '', 0, '0000-00-00 00:00:00', 0, 0),
(440, 'plg_system_highlight', 'plugin', 'highlight', 'system', 0, 1, 1, 0, '{"legacy":false,"name":"plg_system_highlight","type":"plugin","creationDate":"August 2011","author":"Joomla! Project","copyright":"(C) 2005 - 2012 Open Source Matters. All rights reserved.","authorEmail":"admin@joomla.org","authorUrl":"www.joomla.org","version":"2.5.0","description":"PLG_SYSTEM_HIGHLIGHT_XML_DESCRIPTION","group":""}', '{}', '', '', 0, '0000-00-00 00:00:00', 7, 0),
(441, 'plg_content_finder', 'plugin', 'finder', 'content', 0, 0, 1, 0, '{"legacy":false,"name":"plg_content_finder","type":"plugin","creationDate":"December 2011","author":"Joomla! Project","copyright":"Copyright (C) 2005 - 2012 Open Source Matters. All rights reserved.","authorEmail":"admin@joomla.org","authorUrl":"www.joomla.org","version":"2.5.0","description":"PLG_CONTENT_FINDER_XML_DESCRIPTION","group":""}', '{}', '', '', 0, '0000-00-00 00:00:00', 0, 0),
(442, 'plg_finder_categories', 'plugin', 'categories', 'finder', 0, 1, 1, 0, '{"legacy":false,"name":"plg_finder_categories","type":"plugin","creationDate":"August 2011","author":"Joomla! Project","copyright":"(C) 2005 - 2012 Open Source Matters. All rights reserved.","authorEmail":"admin@joomla.org","authorUrl":"www.joomla.org","version":"2.5.0","description":"PLG_FINDER_CATEGORIES_XML_DESCRIPTION","group":""}', '{}', '', '', 0, '0000-00-00 00:00:00', 1, 0),
(443, 'plg_finder_contacts', 'plugin', 'contacts', 'finder', 0, 1, 1, 0, '{"legacy":false,"name":"plg_finder_contacts","type":"plugin","creationDate":"August 2011","author":"Joomla! Project","copyright":"(C) 2005 - 2012 Open Source Matters. All rights reserved.","authorEmail":"admin@joomla.org","authorUrl":"www.joomla.org","version":"2.5.0","description":"PLG_FINDER_CONTACTS_XML_DESCRIPTION","group":""}', '{}', '', '', 0, '0000-00-00 00:00:00', 2, 0),
(444, 'plg_finder_content', 'plugin', 'content', 'finder', 0, 1, 1, 0, '{"legacy":false,"name":"plg_finder_content","type":"plugin","creationDate":"August 2011","author":"Joomla! Project","copyright":"(C) 2005 - 2012 Open Source Matters. All rights reserved.","authorEmail":"admin@joomla.org","authorUrl":"www.joomla.org","version":"2.5.0","description":"PLG_FINDER_CONTENT_XML_DESCRIPTION","group":""}', '{}', '', '', 0, '0000-00-00 00:00:00', 3, 0),
(445, 'plg_finder_newsfeeds', 'plugin', 'newsfeeds', 'finder', 0, 1, 1, 0, '{"legacy":false,"name":"plg_finder_newsfeeds","type":"plugin","creationDate":"August 2011","author":"Joomla! Project","copyright":"(C) 2005 - 2012 Open Source Matters. All rights reserved.","authorEmail":"admin@joomla.org","authorUrl":"www.joomla.org","version":"2.5.0","description":"PLG_FINDER_NEWSFEEDS_XML_DESCRIPTION","group":""}', '{}', '', '', 0, '0000-00-00 00:00:00', 4, 0),
(446, 'plg_finder_weblinks', 'plugin', 'weblinks', 'finder', 0, 1, 1, 0, '{"legacy":false,"name":"plg_finder_weblinks","type":"plugin","creationDate":"August 2011","author":"Joomla! Project","copyright":"(C) 2005 - 2012 Open Source Matters. All rights reserved.","authorEmail":"admin@joomla.org","authorUrl":"www.joomla.org","version":"2.5.0","description":"PLG_FINDER_WEBLINKS_XML_DESCRIPTION","group":""}', '{}', '', '', 0, '0000-00-00 00:00:00', 5, 0),
(500, 'atomic', 'template', 'atomic', '', 0, 1, 1, 0, '{"legacy":false,"name":"atomic","type":"template","creationDate":"10\\/10\\/09","author":"Ron Severdia","copyright":"Copyright (C) 2005 - 2012 Open Source Matters, Inc. All rights reserved.","authorEmail":"contact@kontentdesign.com","authorUrl":"http:\\/\\/www.kontentdesign.com","version":"2.5.0","description":"TPL_ATOMIC_XML_DESCRIPTION","group":""}', '{}', '', '', 0, '0000-00-00 00:00:00', 0, 0),
(502, 'bluestork', 'template', 'bluestork', '', 1, 1, 1, 0, '{"legacy":false,"name":"bluestork","type":"template","creationDate":"07\\/02\\/09","author":"Joomla! Project","copyright":"Copyright (C) 2005 - 2012 Open Source Matters, Inc. All rights reserved.","authorEmail":"admin@joomla.org","authorUrl":"www.joomla.org","version":"2.5.0","description":"TPL_BLUESTORK_XML_DESCRIPTION","group":""}', '{"useRoundedCorners":"1","showSiteName":"0","textBig":"0","highContrast":"0"}', '', '', 0, '0000-00-00 00:00:00', 0, 0),
(503, 'beez_20', 'template', 'beez_20', '', 0, 1, 1, 0, '{"legacy":false,"name":"beez_20","type":"template","creationDate":"25 November 2009","author":"Angie Radtke","copyright":"Copyright (C) 2005 - 2012 Open Source Matters, Inc. All rights reserved.","authorEmail":"a.radtke@derauftritt.de","authorUrl":"http:\\/\\/www.der-auftritt.de","version":"2.5.0","description":"TPL_BEEZ2_XML_DESCRIPTION","group":""}', '{"wrapperSmall":"53","wrapperLarge":"72","sitetitle":"","sitedescription":"","navposition":"center","templatecolor":"nature"}', '', '', 0, '0000-00-00 00:00:00', 0, 0),
(504, 'hathor', 'template', 'hathor', '', 1, 1, 1, 0, '{"legacy":false,"name":"hathor","type":"template","creationDate":"May 2010","author":"Andrea Tarr","copyright":"Copyright (C) 2005 - 2012 Open Source Matters, Inc. All rights reserved.","authorEmail":"hathor@tarrconsulting.com","authorUrl":"http:\\/\\/www.tarrconsulting.com","version":"2.5.0","description":"TPL_HATHOR_XML_DESCRIPTION","group":""}', '{"showSiteName":"0","colourChoice":"0","boldText":"0"}', '', '', 0, '0000-00-00 00:00:00', 0, 0),
(505, 'beez5', 'template', 'beez5', '', 0, 1, 1, 0, '{"legacy":false,"name":"beez5","type":"template","creationDate":"21 May 2010","author":"Angie Radtke","copyright":"Copyright (C) 2005 - 2012 Open Source Matters, Inc. All rights reserved.","authorEmail":"a.radtke@derauftritt.de","authorUrl":"http:\\/\\/www.der-auftritt.de","version":"2.5.0","description":"TPL_BEEZ5_XML_DESCRIPTION","group":""}', '{"wrapperSmall":"53","wrapperLarge":"72","sitetitle":"","sitedescription":"","navposition":"center","html5":"0"}', '', '', 0, '0000-00-00 00:00:00', 0, 0),
(600, 'English (United Kingdom)', 'language', 'en-GB', '', 0, 1, 1, 1, '{"legacy":false,"name":"English (United Kingdom)","type":"language","creationDate":"2008-03-15","author":"Joomla! Project","copyright":"Copyright (C) 2005 - 2012 Open Source Matters. All rights reserved.","authorEmail":"admin@joomla.org","authorUrl":"www.joomla.org","version":"2.5.5","description":"en-GB site language","group":""}', '', '', '', 0, '0000-00-00 00:00:00', 0, 0),
(601, 'English (United Kingdom)', 'language', 'en-GB', '', 1, 1, 1, 1, '{"legacy":false,"name":"English (United Kingdom)","type":"language","creationDate":"2008-03-15","author":"Joomla! Project","copyright":"Copyright (C) 2005 - 2012 Open Source Matters. All rights reserved.","authorEmail":"admin@joomla.org","authorUrl":"www.joomla.org","version":"2.5.5","description":"en-GB administrator language","group":""}', '', '', '', 0, '0000-00-00 00:00:00', 0, 0),
(700, 'files_joomla', 'file', 'joomla', '', 0, 1, 1, 1, '{"legacy":false,"name":"files_joomla","type":"file","creationDate":"June 2012","author":"Joomla! Project","copyright":"(C) 2005 - 2012 Open Source Matters. All rights reserved","authorEmail":"admin@joomla.org","authorUrl":"www.joomla.org","version":"2.5.6","description":"FILES_JOOMLA_XML_DESCRIPTION","group":""}', '', '', '', 0, '0000-00-00 00:00:00', 0, 0),
(800, 'PKG_JOOMLA', 'package', 'pkg_joomla', '', 0, 1, 1, 1, '{"legacy":false,"name":"PKG_JOOMLA","type":"package","creationDate":"2006","author":"Joomla! Project","copyright":"Copyright (C) 2005 - 2012 Open Source Matters. All rights reserved.","authorEmail":"admin@joomla.org","authorUrl":"http:\\/\\/www.joomla.org","version":"2.5.0","description":"PKG_JOOMLA_XML_DESCRIPTION","group":""}', '', '', '', 0, '0000-00-00 00:00:00', 0, 0),
(10000, 'PortugusBrasil', 'language', 'pt-BR', '', 0, 1, 0, 0, '{"legacy":true,"name":"Portugu\\u00eas (Brasil)","type":"language","creationDate":"2012-02-07","author":"Joomleiros","copyright":"Copyright (C) 2005 - 2012 Open Source Matters. All rights reserved. Copyright (C) Translation 2005 - 2012 Joomleiros. All rights reserved.","authorEmail":"traducao@joomleiros.com","authorUrl":"http:\\/\\/joomlacode.org\\/gf\\/project\\/portuguesebr\\/","version":"2.5.1","description":"Arquivos de Idioma em Portugu\\u00eas Brasileiro para Joomla! 1.7 - Site.<br\\/>\\n\\t\\t\\t\\t Copyrights: 2005 - 2011 Joomla! Brasil.<br\\/>\\n\\t\\t\\t\\t Todos os direitos reservados.<br\\/>\\n\\t\\t\\t\\t <a href=\\"http:\\/\\/joomlacode.org\\/gf\\/project\\/portuguesebr\\/\\" target=\\"_blank\\">Joomla! Brasil<\\/a> \\u00e9 o \\u00fanico detentor dos copyrights desta tradu\\u00e7\\u00e3o.<br\\/>\\n\\t\\t\\t\\t De acordo com termo de licenciamento de <a href=\\"http:\\/\\/www.opensourcematters.org\\" target=\\"_blank\\">OpenSourceMatters<\\/a> e <a href=\\"http:\\/\\/www.joomla.org\\" target=\\"_blank\\">Joomla!<\\/a> todos os arquivos de idioma devem ser licenciados sob a <a href=\\"http:\\/\\/www.gnu.org\\/licenses\\/gpl-2.0.html\\" target=\\"_blank\\"> licen\\u00e7a GNU\\/GPL (v.2.0)<\\/a>.\\n\\t\\t\\t\\t Esta tradu\\u00e7\\u00e3o est\\u00e1 licenciada sob esta licen\\u00e7a. Se voc\\u00ea encontrar algum erro de digita\\u00e7\\u00e3o, tradu\\u00e7\\u00f5es incorretas ou se deseja sugerir melhorias, entre em contato com o <a href=\\"mailto:traducao@joomla.com.br\\">coordenador<\\/a> da tradu\\u00e7\\u00e3o.<br\\/><br\\/>\\n\\t","group":""}', '{}', '', '', 0, '0000-00-00 00:00:00', 0, 0),
(10001, 'PortugusBrasil', 'language', 'pt-BR', '', 1, 1, 0, 0, '{"legacy":true,"name":"Portugu\\u00eas(Brasil)","type":"language","creationDate":"2012-02-07","author":"Joomleiros","copyright":"Copyright (C) 2005 - 2012 Open Source Matters. All rights reserved. Copyright (C) Translation 2005 - 2012 Joomleiros. All rights reserved.","authorEmail":"traducao@joomleiros.com","authorUrl":"http:\\/\\/joomlacode.org\\/gf\\/project\\/portuguesebr\\/","version":"2.5.1","description":"Arquivos de Idioma em Portugu\\u00eas Brasileiro para Joomla! 2.5 - Administra\\u00e7\\u00e3o.<br\\/>\\n\\t\\t\\t\\t Copyrights: 2005 - 2011 Joomla! Brasil.<br\\/>\\n\\t\\t\\t\\t Todos os direitos reservados.<br\\/>\\n\\t\\t\\t\\t <a href=\\"http:\\/\\/joomlacode.org\\/gf\\/project\\/portuguesebr\\/\\" target=\\"_blank\\">Joomla! Brasil<\\/a> \\u00e9 o \\u00fanico detentor dos copyrights desta tradu\\u00e7\\u00e3o.<br\\/>\\n\\t\\t\\t\\t De acordo com termo de licenciamento de <a href=\\"http:\\/\\/www.opensourcematters.org\\" target=\\"_blank\\">OpenSourceMatters<\\/a> e <a href=\\"http:\\/\\/www.joomla.org\\" target=\\"_blank\\">Joomla!<\\/a> todos os arquivos de idioma devem ser licenciados sob a <a href=\\"http:\\/\\/www.gnu.org\\/licenses\\/gpl-2.0.html\\" target=\\"_blank\\"> licen\\u00e7a GNU\\/GPL (v.2.0)<\\/a>.\\n\\t\\t\\t\\t Esta tradu\\u00e7\\u00e3o est\\u00e1 licenciada sob esta licen\\u00e7a. Se voc\\u00ea encontrar algum erro de digita\\u00e7\\u00e3o, tradu\\u00e7\\u00f5es incorretas ou se deseja sugerir melhorias, entre em contato com o <a href=\\"mailto:traducao@joomleiros.com\\">coordenador<\\/a> da tradu\\u00e7\\u00e3o.<br\\/><br\\/>\\n\\t","group":""}', '{}', '', '', 0, '0000-00-00 00:00:00', 0, 0),
(10002, 'pt-BR', 'package', 'pkg_pt-BR', '', 0, 1, 1, 0, '{"legacy":false,"name":"Pacote de Idiomas em Portugu\\u00eas Brasileiro","type":"package","creationDate":"Unknown","author":"Unknown","copyright":"","authorEmail":"","authorUrl":"","version":"2.5.0","description":"Arquivos de Idioma em Portugu\\u00eas Brasileiro para Joomla! 2.5<br\\/>\\n\\t\\t\\t\\t Copyrights: 2005 - 2012 Joomleiros.<br\\/>\\n\\t\\t\\t\\t Todos os direitos reservados.<br\\/>\\n\\t\\t\\t\\t <a href=\\"http:\\/\\/joomlacode.org\\/gf\\/project\\/portuguesebr\\/\\" target=\\"_blank\\">Joomleiros<\\/a> \\u00e9 o \\u00fanico detentor dos copyrights desta tradu\\u00e7\\u00e3o.<br\\/>\\n\\t\\t\\t\\t De acordo com termo de licenciamento de <a href=\\"http:\\/\\/www.opensourcematters.org\\" target=\\"_blank\\">OpenSourceMatters<\\/a> e <a href=\\"http:\\/\\/www.joomla.org\\" target=\\"_blank\\">Joomla!<\\/a> todos os arquivos de idioma devem ser licenciados sob a <a href=\\"http:\\/\\/www.gnu.org\\/licenses\\/gpl-2.0.html\\" target=\\"_blank\\"> licen\\u00e7a GNU\\/GPL (v.2.0)<\\/a>.<br \\/>\\n\\t\\t\\t\\t Esta tradu\\u00e7\\u00e3o est\\u00e1 licenciada sob esta licen\\u00e7a. Se voc\\u00ea encontrar algum erro de digita\\u00e7\\u00e3o, tradu\\u00e7\\u00f5es incorretas ou se deseja sugerir melhorias, entre em contato com o <a href=\\"mailto:traducao@joomleiros.com\\">coordenador<\\/a> da tradu\\u00e7\\u00e3o.<br\\/><br\\/>\\n\\t","group":""}', '{}', '', '', 0, '0000-00-00 00:00:00', 0, 0),
(10004, 'Gantry', 'library', 'lib_gantry', '', 0, 1, 1, 0, '{"legacy":false,"name":"Gantry","type":"library","creationDate":"July 3, 2013","author":"RocketTheme, LLC","copyright":"(C) 2005 - 2013 RocketTheme, LLC. All rights reserved.","authorEmail":"support@rockettheme.com","authorUrl":"http:\\/\\/www.rockettheme.com","version":"4.1.12","description":"Gantry Starting Template for Joomla! v4.1.12","group":""}', '{}', '{"last_update":1391036844}', '', 0, '0000-00-00 00:00:00', 0, 0),
(10005, 'gantry', 'component', 'com_gantry', '', 0, 1, 0, 0, '{"legacy":false,"name":"Gantry","type":"component","creationDate":"July 3, 2013","author":"RocketTheme, LLC","copyright":"(C) 2005 - 2013 RocketTheme, LLC. All rights reserved.","authorEmail":"support@rockettheme.com","authorUrl":"http:\\/\\/www.rockettheme.com","version":"4.1.12","description":"Gantry Starting Template for Joomla! v4.1.12","group":""}', '{}', '', '', 0, '0000-00-00 00:00:00', 0, 0),
(10006, 'System - Gantry', 'plugin', 'gantry', 'system', 0, 1, 1, 0, '{"legacy":false,"name":"System - Gantry","type":"plugin","creationDate":"July 3, 2013","author":"RocketTheme, LLC","copyright":"(C) 2005 - 2013 RocketTheme, LLC. All rights reserved.","authorEmail":"support@rockettheme.com","authorUrl":"http:\\/\\/www.rockettheme.com","version":"4.1.12","description":"Gantry System Plugin for Joomla","group":""}', '{"debugloglevel":"63"}', '', '', 0, '0000-00-00 00:00:00', 1, 0),
(10007, 'gantry', 'template', 'gantry', '', 0, 1, 1, 0, '{"legacy":false,"name":"gantry","type":"template","creationDate":"July 3, 2013","author":"RocketTheme, LLC","copyright":"(C) 2005 - 2013 RocketTheme, LLC. All rights reserved.","authorEmail":"support@rockettheme.com","authorUrl":"http:\\/\\/www.rockettheme.com","version":"4.1.12","description":"Gantry Starting Template for Joomla! v4.1.12","group":""}', '{"master":"true"}', '', '', 0, '0000-00-00 00:00:00', 0, 0),
(10008, 'System - RokExtender', 'plugin', 'rokextender', 'system', 0, 1, 1, 0, '{"legacy":false,"name":"System - RokExtender","type":"plugin","creationDate":"October 31, 2012","author":"RocketTheme, LLC","copyright":"(C) 2005 - 2012 RocketTheme, LLC. All rights reserved.","authorEmail":"support@rockettheme.com","authorUrl":"http:\\/\\/www.rockettheme.com","version":"2.0.0","description":"System - Gantry","group":""}', '{"registered":"\\/modules\\/mod_roknavmenu\\/lib\\/RokNavMenuEvents.php"}', '', '', 0, '0000-00-00 00:00:00', 1, 0),
(10009, 'RokNavMenu', 'module', 'mod_roknavmenu', '', 0, 1, 1, 0, '{"legacy":false,"name":"RokNavMenu","type":"module","creationDate":"June 7, 2013","author":"RocketTheme, LLC","copyright":"(C) 2005 - 2013 RocketTheme, LLC. All rights reserved.","authorEmail":"support@rockettheme.com","authorUrl":"http:\\/\\/www.rockettheme.com","version":"2.0.3","description":"RocketTheme Customizable Navigation Menu","group":""}', '{"limit_levels":"0","startLevel":"0","endLevel":"0","showAllChildren":"0","filteringspacer2":"","theme":"default","custom_layout":"default.php","custom_formatter":"default.php","cache":"0","module_cache":"1","cache_time":"900","cachemode":"itemid"}', '', '', 0, '0000-00-00 00:00:00', 0, 0),
(10010, 'Editor - JCE', 'plugin', 'jce', 'editors', 0, 1, 1, 0, '{"legacy":true,"name":"Editor - JCE","type":"plugin","creationDate":"19 August 2012","author":"Ryan Demmer","copyright":"2006-2010 Ryan Demmer","authorEmail":"info@joomlacontenteditor.net","authorUrl":"http:\\/\\/www.joomlacontenteditor.net","version":"2.2.6","description":"WF_EDITOR_PLUGIN_DESC","group":""}', '{}', '', '', 0, '0000-00-00 00:00:00', 0, 0),
(10011, 'plg_quickicon_jcefilebrowser', 'plugin', 'jcefilebrowser', 'quickicon', 0, 1, 1, 0, '{"legacy":false,"name":"plg_quickicon_jcefilebrowser","type":"plugin","creationDate":"April 2012","author":"Ryan Demmer","copyright":"Copyright (C) 2012 Ryan Demmer. All rights reserved.","authorEmail":"admin@joomla.org","authorUrl":"www.joomla.org","version":"2.5.0","description":"PLG_QUICKICON_JCEFILEBROWSER_XML_DESCRIPTION","group":""}', '{}', '', '', 0, '0000-00-00 00:00:00', 0, 0),
(10012, 'jce', 'component', 'com_jce', '', 1, 1, 0, 0, '{"legacy":false,"name":"JCE","type":"component","creationDate":"19 August 2012","author":"Ryan Demmer","copyright":"Copyright (C) 2006 - 2012 Ryan Demmer. All rights reserved","authorEmail":"info@joomlacontenteditor.net","authorUrl":"www.joomlacontenteditor.net","version":"2.2.6","description":"WF_ADMIN_DESC","group":""}', '{}', '', '', 0, '0000-00-00 00:00:00', 0, 0);

-- --------------------------------------------------------

-- 
-- Estrutura da tabela `jom_finder_filters`
-- 

CREATE TABLE `jom_finder_filters` (
  `filter_id` int(10) unsigned NOT NULL auto_increment,
  `title` varchar(255) NOT NULL,
  `alias` varchar(255) NOT NULL,
  `state` tinyint(1) NOT NULL default '1',
  `created` datetime NOT NULL default '0000-00-00 00:00:00',
  `created_by` int(10) unsigned NOT NULL,
  `created_by_alias` varchar(255) NOT NULL,
  `modified` datetime NOT NULL default '0000-00-00 00:00:00',
  `modified_by` int(10) unsigned NOT NULL default '0',
  `checked_out` int(10) unsigned NOT NULL default '0',
  `checked_out_time` datetime NOT NULL default '0000-00-00 00:00:00',
  `map_count` int(10) unsigned NOT NULL default '0',
  `data` text NOT NULL,
  `params` mediumtext,
  PRIMARY KEY  (`filter_id`)
) ENGINE=InnoDB DEFAULT CHARSET=utf8 AUTO_INCREMENT=1 ;

-- 
-- Extraindo dados da tabela `jom_finder_filters`
-- 


-- --------------------------------------------------------

-- 
-- Estrutura da tabela `jom_finder_links`
-- 

CREATE TABLE `jom_finder_links` (
  `link_id` int(10) unsigned NOT NULL auto_increment,
  `url` varchar(255) NOT NULL,
  `route` varchar(255) NOT NULL,
  `title` varchar(255) default NULL,
  `description` varchar(255) default NULL,
  `indexdate` datetime NOT NULL default '0000-00-00 00:00:00',
  `md5sum` varchar(32) default NULL,
  `published` tinyint(1) NOT NULL default '1',
  `state` int(5) default '1',
  `access` int(5) default '0',
  `language` varchar(8) NOT NULL,
  `publish_start_date` datetime NOT NULL default '0000-00-00 00:00:00',
  `publish_end_date` datetime NOT NULL default '0000-00-00 00:00:00',
  `start_date` datetime NOT NULL default '0000-00-00 00:00:00',
  `end_date` datetime NOT NULL default '0000-00-00 00:00:00',
  `list_price` double unsigned NOT NULL default '0',
  `sale_price` double unsigned NOT NULL default '0',
  `type_id` int(11) NOT NULL,
  `object` mediumblob NOT NULL,
  PRIMARY KEY  (`link_id`),
  KEY `idx_type` (`type_id`),
  KEY `idx_title` (`title`),
  KEY `idx_md5` (`md5sum`),
  KEY `idx_url` (`url`(75)),
  KEY `idx_published_list` (`published`,`state`,`access`,`publish_start_date`,`publish_end_date`,`list_price`),
  KEY `idx_published_sale` (`published`,`state`,`access`,`publish_start_date`,`publish_end_date`,`sale_price`)
) ENGINE=InnoDB DEFAULT CHARSET=utf8 AUTO_INCREMENT=1 ;

-- 
-- Extraindo dados da tabela `jom_finder_links`
-- 


-- --------------------------------------------------------

-- 
-- Estrutura da tabela `jom_finder_links_terms0`
-- 

CREATE TABLE `jom_finder_links_terms0` (
  `link_id` int(10) unsigned NOT NULL,
  `term_id` int(10) unsigned NOT NULL,
  `weight` float unsigned NOT NULL,
  PRIMARY KEY  (`link_id`,`term_id`),
  KEY `idx_term_weight` (`term_id`,`weight`),
  KEY `idx_link_term_weight` (`link_id`,`term_id`,`weight`)
) ENGINE=InnoDB DEFAULT CHARSET=utf8;

-- 
-- Extraindo dados da tabela `jom_finder_links_terms0`
-- 


-- --------------------------------------------------------

-- 
-- Estrutura da tabela `jom_finder_links_terms1`
-- 

CREATE TABLE `jom_finder_links_terms1` (
  `link_id` int(10) unsigned NOT NULL,
  `term_id` int(10) unsigned NOT NULL,
  `weight` float unsigned NOT NULL,
  PRIMARY KEY  (`link_id`,`term_id`),
  KEY `idx_term_weight` (`term_id`,`weight`),
  KEY `idx_link_term_weight` (`link_id`,`term_id`,`weight`)
) ENGINE=InnoDB DEFAULT CHARSET=utf8;

-- 
-- Extraindo dados da tabela `jom_finder_links_terms1`
-- 


-- --------------------------------------------------------

-- 
-- Estrutura da tabela `jom_finder_links_terms2`
-- 

CREATE TABLE `jom_finder_links_terms2` (
  `link_id` int(10) unsigned NOT NULL,
  `term_id` int(10) unsigned NOT NULL,
  `weight` float unsigned NOT NULL,
  PRIMARY KEY  (`link_id`,`term_id`),
  KEY `idx_term_weight` (`term_id`,`weight`),
  KEY `idx_link_term_weight` (`link_id`,`term_id`,`weight`)
) ENGINE=InnoDB DEFAULT CHARSET=utf8;

-- 
-- Extraindo dados da tabela `jom_finder_links_terms2`
-- 


-- --------------------------------------------------------

-- 
-- Estrutura da tabela `jom_finder_links_terms3`
-- 

CREATE TABLE `jom_finder_links_terms3` (
  `link_id` int(10) unsigned NOT NULL,
  `term_id` int(10) unsigned NOT NULL,
  `weight` float unsigned NOT NULL,
  PRIMARY KEY  (`link_id`,`term_id`),
  KEY `idx_term_weight` (`term_id`,`weight`),
  KEY `idx_link_term_weight` (`link_id`,`term_id`,`weight`)
) ENGINE=InnoDB DEFAULT CHARSET=utf8;

-- 
-- Extraindo dados da tabela `jom_finder_links_terms3`
-- 


-- --------------------------------------------------------

-- 
-- Estrutura da tabela `jom_finder_links_terms4`
-- 

CREATE TABLE `jom_finder_links_terms4` (
  `link_id` int(10) unsigned NOT NULL,
  `term_id` int(10) unsigned NOT NULL,
  `weight` float unsigned NOT NULL,
  PRIMARY KEY  (`link_id`,`term_id`),
  KEY `idx_term_weight` (`term_id`,`weight`),
  KEY `idx_link_term_weight` (`link_id`,`term_id`,`weight`)
) ENGINE=InnoDB DEFAULT CHARSET=utf8;

-- 
-- Extraindo dados da tabela `jom_finder_links_terms4`
-- 


-- --------------------------------------------------------

-- 
-- Estrutura da tabela `jom_finder_links_terms5`
-- 

CREATE TABLE `jom_finder_links_terms5` (
  `link_id` int(10) unsigned NOT NULL,
  `term_id` int(10) unsigned NOT NULL,
  `weight` float unsigned NOT NULL,
  PRIMARY KEY  (`link_id`,`term_id`),
  KEY `idx_term_weight` (`term_id`,`weight`),
  KEY `idx_link_term_weight` (`link_id`,`term_id`,`weight`)
) ENGINE=InnoDB DEFAULT CHARSET=utf8;

-- 
-- Extraindo dados da tabela `jom_finder_links_terms5`
-- 


-- --------------------------------------------------------

-- 
-- Estrutura da tabela `jom_finder_links_terms6`
-- 

CREATE TABLE `jom_finder_links_terms6` (
  `link_id` int(10) unsigned NOT NULL,
  `term_id` int(10) unsigned NOT NULL,
  `weight` float unsigned NOT NULL,
  PRIMARY KEY  (`link_id`,`term_id`),
  KEY `idx_term_weight` (`term_id`,`weight`),
  KEY `idx_link_term_weight` (`link_id`,`term_id`,`weight`)
) ENGINE=InnoDB DEFAULT CHARSET=utf8;

-- 
-- Extraindo dados da tabela `jom_finder_links_terms6`
-- 


-- --------------------------------------------------------

-- 
-- Estrutura da tabela `jom_finder_links_terms7`
-- 

CREATE TABLE `jom_finder_links_terms7` (
  `link_id` int(10) unsigned NOT NULL,
  `term_id` int(10) unsigned NOT NULL,
  `weight` float unsigned NOT NULL,
  PRIMARY KEY  (`link_id`,`term_id`),
  KEY `idx_term_weight` (`term_id`,`weight`),
  KEY `idx_link_term_weight` (`link_id`,`term_id`,`weight`)
) ENGINE=InnoDB DEFAULT CHARSET=utf8;

-- 
-- Extraindo dados da tabela `jom_finder_links_terms7`
-- 


-- --------------------------------------------------------

-- 
-- Estrutura da tabela `jom_finder_links_terms8`
-- 

CREATE TABLE `jom_finder_links_terms8` (
  `link_id` int(10) unsigned NOT NULL,
  `term_id` int(10) unsigned NOT NULL,
  `weight` float unsigned NOT NULL,
  PRIMARY KEY  (`link_id`,`term_id`),
  KEY `idx_term_weight` (`term_id`,`weight`),
  KEY `idx_link_term_weight` (`link_id`,`term_id`,`weight`)
) ENGINE=InnoDB DEFAULT CHARSET=utf8;

-- 
-- Extraindo dados da tabela `jom_finder_links_terms8`
-- 


-- --------------------------------------------------------

-- 
-- Estrutura da tabela `jom_finder_links_terms9`
-- 

CREATE TABLE `jom_finder_links_terms9` (
  `link_id` int(10) unsigned NOT NULL,
  `term_id` int(10) unsigned NOT NULL,
  `weight` float unsigned NOT NULL,
  PRIMARY KEY  (`link_id`,`term_id`),
  KEY `idx_term_weight` (`term_id`,`weight`),
  KEY `idx_link_term_weight` (`link_id`,`term_id`,`weight`)
) ENGINE=InnoDB DEFAULT CHARSET=utf8;

-- 
-- Extraindo dados da tabela `jom_finder_links_terms9`
-- 


-- --------------------------------------------------------

-- 
-- Estrutura da tabela `jom_finder_links_termsa`
-- 

CREATE TABLE `jom_finder_links_termsa` (
  `link_id` int(10) unsigned NOT NULL,
  `term_id` int(10) unsigned NOT NULL,
  `weight` float unsigned NOT NULL,
  PRIMARY KEY  (`link_id`,`term_id`),
  KEY `idx_term_weight` (`term_id`,`weight`),
  KEY `idx_link_term_weight` (`link_id`,`term_id`,`weight`)
) ENGINE=InnoDB DEFAULT CHARSET=utf8;

-- 
-- Extraindo dados da tabela `jom_finder_links_termsa`
-- 


-- --------------------------------------------------------

-- 
-- Estrutura da tabela `jom_finder_links_termsb`
-- 

CREATE TABLE `jom_finder_links_termsb` (
  `link_id` int(10) unsigned NOT NULL,
  `term_id` int(10) unsigned NOT NULL,
  `weight` float unsigned NOT NULL,
  PRIMARY KEY  (`link_id`,`term_id`),
  KEY `idx_term_weight` (`term_id`,`weight`),
  KEY `idx_link_term_weight` (`link_id`,`term_id`,`weight`)
) ENGINE=InnoDB DEFAULT CHARSET=utf8;

-- 
-- Extraindo dados da tabela `jom_finder_links_termsb`
-- 


-- --------------------------------------------------------

-- 
-- Estrutura da tabela `jom_finder_links_termsc`
-- 

CREATE TABLE `jom_finder_links_termsc` (
  `link_id` int(10) unsigned NOT NULL,
  `term_id` int(10) unsigned NOT NULL,
  `weight` float unsigned NOT NULL,
  PRIMARY KEY  (`link_id`,`term_id`),
  KEY `idx_term_weight` (`term_id`,`weight`),
  KEY `idx_link_term_weight` (`link_id`,`term_id`,`weight`)
) ENGINE=InnoDB DEFAULT CHARSET=utf8;

-- 
-- Extraindo dados da tabela `jom_finder_links_termsc`
-- 


-- --------------------------------------------------------

-- 
-- Estrutura da tabela `jom_finder_links_termsd`
-- 

CREATE TABLE `jom_finder_links_termsd` (
  `link_id` int(10) unsigned NOT NULL,
  `term_id` int(10) unsigned NOT NULL,
  `weight` float unsigned NOT NULL,
  PRIMARY KEY  (`link_id`,`term_id`),
  KEY `idx_term_weight` (`term_id`,`weight`),
  KEY `idx_link_term_weight` (`link_id`,`term_id`,`weight`)
) ENGINE=InnoDB DEFAULT CHARSET=utf8;

-- 
-- Extraindo dados da tabela `jom_finder_links_termsd`
-- 


-- --------------------------------------------------------

-- 
-- Estrutura da tabela `jom_finder_links_termse`
-- 

CREATE TABLE `jom_finder_links_termse` (
  `link_id` int(10) unsigned NOT NULL,
  `term_id` int(10) unsigned NOT NULL,
  `weight` float unsigned NOT NULL,
  PRIMARY KEY  (`link_id`,`term_id`),
  KEY `idx_term_weight` (`term_id`,`weight`),
  KEY `idx_link_term_weight` (`link_id`,`term_id`,`weight`)
) ENGINE=InnoDB DEFAULT CHARSET=utf8;

-- 
-- Extraindo dados da tabela `jom_finder_links_termse`
-- 


-- --------------------------------------------------------

-- 
-- Estrutura da tabela `jom_finder_links_termsf`
-- 

CREATE TABLE `jom_finder_links_termsf` (
  `link_id` int(10) unsigned NOT NULL,
  `term_id` int(10) unsigned NOT NULL,
  `weight` float unsigned NOT NULL,
  PRIMARY KEY  (`link_id`,`term_id`),
  KEY `idx_term_weight` (`term_id`,`weight`),
  KEY `idx_link_term_weight` (`link_id`,`term_id`,`weight`)
) ENGINE=InnoDB DEFAULT CHARSET=utf8;

-- 
-- Extraindo dados da tabela `jom_finder_links_termsf`
-- 


-- --------------------------------------------------------

-- 
-- Estrutura da tabela `jom_finder_taxonomy`
-- 

CREATE TABLE `jom_finder_taxonomy` (
  `id` int(10) unsigned NOT NULL auto_increment,
  `parent_id` int(10) unsigned NOT NULL default '0',
  `title` varchar(255) NOT NULL,
  `state` tinyint(1) unsigned NOT NULL default '1',
  `access` tinyint(1) unsigned NOT NULL default '0',
  `ordering` tinyint(1) unsigned NOT NULL default '0',
  PRIMARY KEY  (`id`),
  KEY `parent_id` (`parent_id`),
  KEY `state` (`state`),
  KEY `ordering` (`ordering`),
  KEY `access` (`access`),
  KEY `idx_parent_published` (`parent_id`,`state`,`access`)
) ENGINE=InnoDB  DEFAULT CHARSET=utf8 AUTO_INCREMENT=2 ;

-- 
-- Extraindo dados da tabela `jom_finder_taxonomy`
-- 

INSERT INTO `jom_finder_taxonomy` (`id`, `parent_id`, `title`, `state`, `access`, `ordering`) VALUES 
(1, 0, 'ROOT', 0, 0, 0);

-- --------------------------------------------------------

-- 
-- Estrutura da tabela `jom_finder_taxonomy_map`
-- 

CREATE TABLE `jom_finder_taxonomy_map` (
  `link_id` int(10) unsigned NOT NULL,
  `node_id` int(10) unsigned NOT NULL,
  PRIMARY KEY  (`link_id`,`node_id`),
  KEY `link_id` (`link_id`),
  KEY `node_id` (`node_id`)
) ENGINE=InnoDB DEFAULT CHARSET=utf8;

-- 
-- Extraindo dados da tabela `jom_finder_taxonomy_map`
-- 


-- --------------------------------------------------------

-- 
-- Estrutura da tabela `jom_finder_terms`
-- 

CREATE TABLE `jom_finder_terms` (
  `term_id` int(10) unsigned NOT NULL auto_increment,
  `term` varchar(75) NOT NULL,
  `stem` varchar(75) NOT NULL,
  `common` tinyint(1) unsigned NOT NULL default '0',
  `phrase` tinyint(1) unsigned NOT NULL default '0',
  `weight` float unsigned NOT NULL default '0',
  `soundex` varchar(75) NOT NULL,
  `links` int(10) NOT NULL default '0',
  PRIMARY KEY  (`term_id`),
  UNIQUE KEY `idx_term` (`term`),
  KEY `idx_term_phrase` (`term`,`phrase`),
  KEY `idx_stem_phrase` (`stem`,`phrase`),
  KEY `idx_soundex_phrase` (`soundex`,`phrase`)
) ENGINE=InnoDB DEFAULT CHARSET=utf8 AUTO_INCREMENT=1 ;

-- 
-- Extraindo dados da tabela `jom_finder_terms`
-- 


-- --------------------------------------------------------

-- 
-- Estrutura da tabela `jom_finder_terms_common`
-- 

CREATE TABLE `jom_finder_terms_common` (
  `term` varchar(75) NOT NULL,
  `language` varchar(3) NOT NULL,
  KEY `idx_word_lang` (`term`,`language`),
  KEY `idx_lang` (`language`)
) ENGINE=InnoDB DEFAULT CHARSET=utf8;

-- 
-- Extraindo dados da tabela `jom_finder_terms_common`
-- 

INSERT INTO `jom_finder_terms_common` (`term`, `language`) VALUES 
('a', 'en'),
('about', 'en'),
('after', 'en'),
('ago', 'en'),
('all', 'en'),
('am', 'en'),
('an', 'en'),
('and', 'en'),
('ani', 'en'),
('any', 'en'),
('are', 'en'),
('aren''t', 'en'),
('as', 'en'),
('at', 'en'),
('be', 'en'),
('but', 'en'),
('by', 'en'),
('for', 'en'),
('from', 'en'),
('get', 'en'),
('go', 'en'),
('how', 'en'),
('if', 'en'),
('in', 'en'),
('into', 'en'),
('is', 'en'),
('isn''t', 'en'),
('it', 'en'),
('its', 'en'),
('me', 'en'),
('more', 'en'),
('most', 'en'),
('must', 'en'),
('my', 'en'),
('new', 'en'),
('no', 'en'),
('none', 'en'),
('not', 'en'),
('noth', 'en'),
('nothing', 'en'),
('of', 'en'),
('off', 'en'),
('often', 'en'),
('old', 'en'),
('on', 'en'),
('onc', 'en'),
('once', 'en'),
('onli', 'en'),
('only', 'en'),
('or', 'en'),
('other', 'en'),
('our', 'en'),
('ours', 'en'),
('out', 'en'),
('over', 'en'),
('page', 'en'),
('she', 'en'),
('should', 'en'),
('small', 'en'),
('so', 'en'),
('some', 'en'),
('than', 'en'),
('thank', 'en'),
('that', 'en'),
('the', 'en'),
('their', 'en'),
('theirs', 'en'),
('them', 'en'),
('then', 'en'),
('there', 'en'),
('these', 'en'),
('they', 'en'),
('this', 'en'),
('those', 'en'),
('thus', 'en'),
('time', 'en'),
('times', 'en'),
('to', 'en'),
('too', 'en'),
('true', 'en'),
('under', 'en'),
('until', 'en'),
('up', 'en'),
('upon', 'en'),
('use', 'en'),
('user', 'en'),
('users', 'en'),
('veri', 'en'),
('version', 'en'),
('very', 'en'),
('via', 'en'),
('want', 'en'),
('was', 'en'),
('way', 'en'),
('were', 'en'),
('what', 'en'),
('when', 'en'),
('where', 'en'),
('whi', 'en'),
('which', 'en'),
('who', 'en'),
('whom', 'en'),
('whose', 'en'),
('why', 'en'),
('wide', 'en'),
('will', 'en'),
('with', 'en'),
('within', 'en'),
('without', 'en'),
('would', 'en'),
('yes', 'en'),
('yet', 'en'),
('you', 'en'),
('your', 'en'),
('yours', 'en');

-- --------------------------------------------------------

-- 
-- Estrutura da tabela `jom_finder_tokens`
-- 

CREATE TABLE `jom_finder_tokens` (
  `term` varchar(75) NOT NULL,
  `stem` varchar(75) NOT NULL,
  `common` tinyint(1) unsigned NOT NULL default '0',
  `phrase` tinyint(1) unsigned NOT NULL default '0',
  `weight` float unsigned NOT NULL default '1',
  `context` tinyint(1) unsigned NOT NULL default '2',
  KEY `idx_word` (`term`),
  KEY `idx_context` (`context`)
) ENGINE=MEMORY DEFAULT CHARSET=utf8;

-- 
-- Extraindo dados da tabela `jom_finder_tokens`
-- 


-- --------------------------------------------------------

-- 
-- Estrutura da tabela `jom_finder_tokens_aggregate`
-- 

CREATE TABLE `jom_finder_tokens_aggregate` (
  `term_id` int(10) unsigned NOT NULL,
  `map_suffix` char(1) NOT NULL,
  `term` varchar(75) NOT NULL,
  `stem` varchar(75) NOT NULL,
  `common` tinyint(1) unsigned NOT NULL default '0',
  `phrase` tinyint(1) unsigned NOT NULL default '0',
  `term_weight` float unsigned NOT NULL,
  `context` tinyint(1) unsigned NOT NULL default '2',
  `context_weight` float unsigned NOT NULL,
  `total_weight` float unsigned NOT NULL,
  KEY `token` (`term`),
  KEY `keyword_id` (`term_id`)
) ENGINE=MEMORY DEFAULT CHARSET=utf8;

-- 
-- Extraindo dados da tabela `jom_finder_tokens_aggregate`
-- 


-- --------------------------------------------------------

-- 
-- Estrutura da tabela `jom_finder_types`
-- 

CREATE TABLE `jom_finder_types` (
  `id` int(10) unsigned NOT NULL auto_increment,
  `title` varchar(100) NOT NULL,
  `mime` varchar(100) NOT NULL,
  PRIMARY KEY  (`id`),
  UNIQUE KEY `title` (`title`)
) ENGINE=InnoDB DEFAULT CHARSET=utf8 AUTO_INCREMENT=1 ;

-- 
-- Extraindo dados da tabela `jom_finder_types`
-- 


-- --------------------------------------------------------

-- 
-- Estrutura da tabela `jom_languages`
-- 

CREATE TABLE `jom_languages` (
  `lang_id` int(11) unsigned NOT NULL auto_increment,
  `lang_code` char(7) NOT NULL,
  `title` varchar(50) NOT NULL,
  `title_native` varchar(50) NOT NULL,
  `sef` varchar(50) NOT NULL,
  `image` varchar(50) NOT NULL,
  `description` varchar(512) NOT NULL,
  `metakey` text NOT NULL,
  `metadesc` text NOT NULL,
  `sitename` varchar(1024) NOT NULL default '',
  `published` int(11) NOT NULL default '0',
  `access` int(10) unsigned NOT NULL default '0',
  `ordering` int(11) NOT NULL default '0',
  PRIMARY KEY  (`lang_id`),
  UNIQUE KEY `idx_sef` (`sef`),
  UNIQUE KEY `idx_image` (`image`),
  UNIQUE KEY `idx_langcode` (`lang_code`),
  KEY `idx_access` (`access`),
  KEY `idx_ordering` (`ordering`)
) ENGINE=InnoDB  DEFAULT CHARSET=utf8 AUTO_INCREMENT=2 ;

-- 
-- Extraindo dados da tabela `jom_languages`
-- 

INSERT INTO `jom_languages` (`lang_id`, `lang_code`, `title`, `title_native`, `sef`, `image`, `description`, `metakey`, `metadesc`, `sitename`, `published`, `access`, `ordering`) VALUES 
(1, 'en-GB', 'English (UK)', 'English (UK)', 'en', 'en', '', '', '', '', 1, 0, 1);

-- --------------------------------------------------------

-- 
-- Estrutura da tabela `jom_menu`
-- 

CREATE TABLE `jom_menu` (
  `id` int(11) NOT NULL auto_increment,
  `menutype` varchar(24) NOT NULL COMMENT 'The type of menu this item belongs to. FK to #__menu_types.menutype',
  `title` varchar(255) NOT NULL COMMENT 'The display title of the menu item.',
  `alias` varchar(255) character set utf8 collate utf8_bin NOT NULL COMMENT 'The SEF alias of the menu item.',
  `note` varchar(255) NOT NULL default '',
  `path` varchar(1024) NOT NULL COMMENT 'The computed path of the menu item based on the alias field.',
  `link` varchar(1024) NOT NULL COMMENT 'The actually link the menu item refers to.',
  `type` varchar(16) NOT NULL COMMENT 'The type of link: Component, URL, Alias, Separator',
  `published` tinyint(4) NOT NULL default '0' COMMENT 'The published state of the menu link.',
  `parent_id` int(10) unsigned NOT NULL default '1' COMMENT 'The parent menu item in the menu tree.',
  `level` int(10) unsigned NOT NULL default '0' COMMENT 'The relative level in the tree.',
  `component_id` int(10) unsigned NOT NULL default '0' COMMENT 'FK to #__extensions.id',
  `ordering` int(11) NOT NULL default '0' COMMENT 'The relative ordering of the menu item in the tree.',
  `checked_out` int(10) unsigned NOT NULL default '0' COMMENT 'FK to #__users.id',
  `checked_out_time` timestamp NOT NULL default '0000-00-00 00:00:00' COMMENT 'The time the menu item was checked out.',
  `browserNav` tinyint(4) NOT NULL default '0' COMMENT 'The click behaviour of the link.',
  `access` int(10) unsigned NOT NULL default '0' COMMENT 'The access level required to view the menu item.',
  `img` varchar(255) NOT NULL COMMENT 'The image of the menu item.',
  `template_style_id` int(10) unsigned NOT NULL default '0',
  `params` text NOT NULL COMMENT 'JSON encoded data for the menu item.',
  `lft` int(11) NOT NULL default '0' COMMENT 'Nested set lft.',
  `rgt` int(11) NOT NULL default '0' COMMENT 'Nested set rgt.',
  `home` tinyint(3) unsigned NOT NULL default '0' COMMENT 'Indicates if this menu item is the home or default page.',
  `language` char(7) NOT NULL default '',
  `client_id` tinyint(4) NOT NULL default '0',
  PRIMARY KEY  (`id`),
  UNIQUE KEY `idx_client_id_parent_id_alias_language` (`client_id`,`parent_id`,`alias`,`language`),
  KEY `idx_componentid` (`component_id`,`menutype`,`published`,`access`),
  KEY `idx_menutype` (`menutype`),
  KEY `idx_left_right` (`lft`,`rgt`),
  KEY `idx_alias` (`alias`),
  KEY `idx_path` (`path`(255)),
  KEY `idx_language` (`language`)
) ENGINE=InnoDB  DEFAULT CHARSET=utf8 AUTO_INCREMENT=129 ;

-- 
-- Extraindo dados da tabela `jom_menu`
-- 

INSERT INTO `jom_menu` (`id`, `menutype`, `title`, `alias`, `note`, `path`, `link`, `type`, `published`, `parent_id`, `level`, `component_id`, `ordering`, `checked_out`, `checked_out_time`, `browserNav`, `access`, `img`, `template_style_id`, `params`, `lft`, `rgt`, `home`, `language`, `client_id`) VALUES 
(1, '', 'Menu_Item_Root', 0x726f6f74, '', '', '', '', 1, 0, 0, 0, 0, 0, '0000-00-00 00:00:00', 0, 0, '', 0, '', 0, 97, 0, '*', 0),
(2, 'menu', 'com_banners', 0x42616e6e657273, '', 'Banners', 'index.php?option=com_banners', 'component', 0, 1, 1, 4, 0, 0, '0000-00-00 00:00:00', 0, 0, 'class:banners', 0, '', 1, 10, 0, '*', 1),
(3, 'menu', 'com_banners', 0x42616e6e657273, '', 'Banners/Banners', 'index.php?option=com_banners', 'component', 0, 2, 2, 4, 0, 0, '0000-00-00 00:00:00', 0, 0, 'class:banners', 0, '', 2, 3, 0, '*', 1),
(4, 'menu', 'com_banners_categories', 0x43617465676f72696573, '', 'Banners/Categories', 'index.php?option=com_categories&extension=com_banners', 'component', 0, 2, 2, 6, 0, 0, '0000-00-00 00:00:00', 0, 0, 'class:banners-cat', 0, '', 4, 5, 0, '*', 1),
(5, 'menu', 'com_banners_clients', 0x436c69656e7473, '', 'Banners/Clients', 'index.php?option=com_banners&view=clients', 'component', 0, 2, 2, 4, 0, 0, '0000-00-00 00:00:00', 0, 0, 'class:banners-clients', 0, '', 6, 7, 0, '*', 1),
(6, 'menu', 'com_banners_tracks', 0x547261636b73, '', 'Banners/Tracks', 'index.php?option=com_banners&view=tracks', 'component', 0, 2, 2, 4, 0, 0, '0000-00-00 00:00:00', 0, 0, 'class:banners-tracks', 0, '', 8, 9, 0, '*', 1),
(7, 'menu', 'com_contact', 0x436f6e7461637473, '', 'Contacts', 'index.php?option=com_contact', 'component', 0, 1, 1, 8, 0, 0, '0000-00-00 00:00:00', 0, 0, 'class:contact', 0, '', 11, 16, 0, '*', 1),
(8, 'menu', 'com_contact', 0x436f6e7461637473, '', 'Contacts/Contacts', 'index.php?option=com_contact', 'component', 0, 7, 2, 8, 0, 0, '0000-00-00 00:00:00', 0, 0, 'class:contact', 0, '', 12, 13, 0, '*', 1),
(9, 'menu', 'com_contact_categories', 0x43617465676f72696573, '', 'Contacts/Categories', 'index.php?option=com_categories&extension=com_contact', 'component', 0, 7, 2, 6, 0, 0, '0000-00-00 00:00:00', 0, 0, 'class:contact-cat', 0, '', 14, 15, 0, '*', 1),
(10, 'menu', 'com_messages', 0x4d6573736167696e67, '', 'Messaging', 'index.php?option=com_messages', 'component', 0, 1, 1, 15, 0, 0, '0000-00-00 00:00:00', 0, 0, 'class:messages', 0, '', 17, 22, 0, '*', 1),
(11, 'menu', 'com_messages_add', 0x4e65772050726976617465204d657373616765, '', 'Messaging/New Private Message', 'index.php?option=com_messages&task=message.add', 'component', 0, 10, 2, 15, 0, 0, '0000-00-00 00:00:00', 0, 0, 'class:messages-add', 0, '', 18, 19, 0, '*', 1),
(12, 'menu', 'com_messages_read', 0x526561642050726976617465204d657373616765, '', 'Messaging/Read Private Message', 'index.php?option=com_messages', 'component', 0, 10, 2, 15, 0, 0, '0000-00-00 00:00:00', 0, 0, 'class:messages-read', 0, '', 20, 21, 0, '*', 1),
(13, 'menu', 'com_newsfeeds', 0x4e657773204665656473, '', 'News Feeds', 'index.php?option=com_newsfeeds', 'component', 0, 1, 1, 17, 0, 0, '0000-00-00 00:00:00', 0, 0, 'class:newsfeeds', 0, '', 23, 28, 0, '*', 1),
(14, 'menu', 'com_newsfeeds_feeds', 0x4665656473, '', 'News Feeds/Feeds', 'index.php?option=com_newsfeeds', 'component', 0, 13, 2, 17, 0, 0, '0000-00-00 00:00:00', 0, 0, 'class:newsfeeds', 0, '', 24, 25, 0, '*', 1),
(15, 'menu', 'com_newsfeeds_categories', 0x43617465676f72696573, '', 'News Feeds/Categories', 'index.php?option=com_categories&extension=com_newsfeeds', 'component', 0, 13, 2, 6, 0, 0, '0000-00-00 00:00:00', 0, 0, 'class:newsfeeds-cat', 0, '', 26, 27, 0, '*', 1),
(16, 'menu', 'com_redirect', 0x5265646972656374, '', 'Redirect', 'index.php?option=com_redirect', 'component', 0, 1, 1, 24, 0, 0, '0000-00-00 00:00:00', 0, 0, 'class:redirect', 0, '', 41, 42, 0, '*', 1),
(17, 'menu', 'com_search', 0x426173696320536561726368, '', 'Basic Search', 'index.php?option=com_search', 'component', 0, 1, 1, 19, 0, 0, '0000-00-00 00:00:00', 0, 0, 'class:search', 0, '', 33, 34, 0, '*', 1),
(18, 'menu', 'com_weblinks', 0x5765626c696e6b73, '', 'Weblinks', 'index.php?option=com_weblinks', 'component', 0, 1, 1, 21, 0, 0, '0000-00-00 00:00:00', 0, 0, 'class:weblinks', 0, '', 35, 40, 0, '*', 1),
(19, 'menu', 'com_weblinks_links', 0x4c696e6b73, '', 'Weblinks/Links', 'index.php?option=com_weblinks', 'component', 0, 18, 2, 21, 0, 0, '0000-00-00 00:00:00', 0, 0, 'class:weblinks', 0, '', 36, 37, 0, '*', 1),
(20, 'menu', 'com_weblinks_categories', 0x43617465676f72696573, '', 'Weblinks/Categories', 'index.php?option=com_categories&extension=com_weblinks', 'component', 0, 18, 2, 6, 0, 0, '0000-00-00 00:00:00', 0, 0, 'class:weblinks-cat', 0, '', 38, 39, 0, '*', 1),
(21, 'menu', 'com_finder', 0x536d61727420536561726368, '', 'Smart Search', 'index.php?option=com_finder', 'component', 0, 1, 1, 27, 0, 0, '0000-00-00 00:00:00', 0, 0, 'class:finder', 0, '', 31, 32, 0, '*', 1),
(22, 'menu', 'com_joomlaupdate', 0x4a6f6f6d6c612120557064617465, '', 'Joomla! Update', 'index.php?option=com_joomlaupdate', 'component', 0, 1, 1, 28, 0, 0, '0000-00-00 00:00:00', 0, 0, 'class:joomlaupdate', 0, '', 43, 44, 0, '*', 1),
(101, 'mainmenu', 'Inicio', 0x696e6963696f, '', 'inicio', 'index.php?option=com_content&view=featured', 'component', 1, 1, 1, 22, 0, 0, '0000-00-00 00:00:00', 0, 1, '', 0, '{"featured_categories":[""],"layout_type":"blog","num_leading_articles":"1","num_intro_articles":"3","num_columns":"1","num_links":"0","multi_column_order":"1","orderby_pri":"","orderby_sec":"front","order_date":"","show_pagination":"2","show_pagination_results":"1","show_title":"","link_titles":"","show_intro":"","show_category":"","link_category":"","show_parent_category":"","link_parent_category":"","show_author":"","link_author":"","show_create_date":"","show_modify_date":"","show_publish_date":"","show_item_navigation":"","show_vote":"","show_readmore":"","show_readmore_title":"","show_icons":"","show_print_icon":"","show_email_icon":"","show_hits":"","show_noauth":"","show_feed_link":"1","feed_summary":"","menu-anchor_title":"","menu-anchor_css":"","menu_image":"","menu_text":1,"page_title":"","show_page_heading":0,"page_heading":"","pageclass_sfx":"","menu-meta_description":"","menu-meta_keywords":"","robots":"","secure":0,"dropdown_item_subtext":"","dropdown_customimage":"","dropdown_customicon":"-1","dropdown_customclass":"","dropdown_columns":"1","dropdown_distribution":"even","dropdown_manual_distribution":"","dropdown_dropdown_width":"","dropdown_column_widths":"","dropdown_children_group":"0","dropdown_children_type":"menuitems","dropdown_modules":"17","dropdown_module_positions":"","splitmenu_item_subtext":"","splitmenu_customimage":"","splitmenu_customicon":"-1","splitmenu_customclass":""}', 29, 30, 1, '*', 0),
(103, 'main', 'JCE', 0x6a6365, '', 'jce', 'index.php?option=com_jce', 'component', 0, 1, 1, 10012, 0, 0, '0000-00-00 00:00:00', 0, 1, 'components/com_jce/media/img/menu/logo.png', 0, '', 45, 54, 0, '', 1),
(104, 'main', 'WF_MENU_CPANEL', 0x77662d6d656e752d6370616e656c, '', 'jce/wf-menu-cpanel', 'index.php?option=com_jce', 'component', 0, 103, 2, 10012, 0, 0, '0000-00-00 00:00:00', 0, 1, 'components/com_jce/media/img/menu/jce-cpanel.png', 0, '', 46, 47, 0, '', 1),
(105, 'main', 'WF_MENU_CONFIG', 0x77662d6d656e752d636f6e666967, '', 'jce/wf-menu-config', 'index.php?option=com_jce&view=config', 'component', 0, 103, 2, 10012, 0, 0, '0000-00-00 00:00:00', 0, 1, 'components/com_jce/media/img/menu/jce-config.png', 0, '', 48, 49, 0, '', 1),
(106, 'main', 'WF_MENU_PROFILES', 0x77662d6d656e752d70726f66696c6573, '', 'jce/wf-menu-profiles', 'index.php?option=com_jce&view=profiles', 'component', 0, 103, 2, 10012, 0, 0, '0000-00-00 00:00:00', 0, 1, 'components/com_jce/media/img/menu/jce-profiles.png', 0, '', 50, 51, 0, '', 1),
(107, 'main', 'WF_MENU_INSTALL', 0x77662d6d656e752d696e7374616c6c, '', 'jce/wf-menu-install', 'index.php?option=com_jce&view=installer', 'component', 0, 103, 2, 10012, 0, 0, '0000-00-00 00:00:00', 0, 1, 'components/com_jce/media/img/menu/jce-install.png', 0, '', 52, 53, 0, '', 1),
(108, 'mainmenu', 'Sobre o Curso', 0x736f627265, '', 'sobre', '', 'separator', 1, 1, 1, 22, 0, 0, '0000-00-00 00:00:00', 0, 1, '', 0, '{"menu_image":"","menu_text":1,"dropdown_item_subtext":"","dropdown_customimage":"","dropdown_customicon":"-1","dropdown_customclass":"","dropdown_columns":"1","dropdown_distribution":"even","dropdown_manual_distribution":"","dropdown_dropdown_width":"","dropdown_column_widths":"","dropdown_children_group":"0","dropdown_children_type":"menuitems","dropdown_modules":"17","dropdown_module_positions":"","splitmenu_item_subtext":"","splitmenu_customimage":"","splitmenu_customicon":"-1","splitmenu_customclass":""}', 55, 70, 0, '*', 0),
(109, 'mainmenu', 'Modalidade', 0x6d6f64616c6964616465, '', 'modalidade', '', 'separator', 1, 1, 1, 0, 0, 0, '0000-00-00 00:00:00', 0, 1, '', 0, '{"menu_image":"","menu_text":1,"dropdown_item_subtext":"","dropdown_customimage":"","dropdown_customicon":"-1","dropdown_customclass":"","dropdown_columns":"1","dropdown_distribution":"even","dropdown_manual_distribution":"","dropdown_dropdown_width":"","dropdown_column_widths":"","dropdown_children_group":"0","dropdown_children_type":"menuitems","dropdown_modules":"17","dropdown_module_positions":"","splitmenu_item_subtext":"","splitmenu_customimage":"","splitmenu_customicon":"-1","splitmenu_customclass":""}', 71, 76, 0, '*', 0),
(110, 'mainmenu', 'Apoio', 0x61706f696f, '', 'apoio', '', 'separator', 1, 1, 1, 0, 0, 0, '0000-00-00 00:00:00', 0, 1, '', 0, '{"menu_image":"","menu_text":1,"dropdown_item_subtext":"","dropdown_customimage":"","dropdown_customicon":"-1","dropdown_customclass":"","dropdown_columns":"1","dropdown_distribution":"even","dropdown_manual_distribution":"","dropdown_dropdown_width":"","dropdown_column_widths":"","dropdown_children_group":"0","dropdown_children_type":"menuitems","dropdown_modules":"17","dropdown_module_positions":"","splitmenu_item_subtext":"","splitmenu_customimage":"","splitmenu_customicon":"-1","splitmenu_customclass":""}', 77, 86, 0, '*', 0),
(111, 'mainmenu', 'Biblioteca', 0x6269626c696f74656361, '', 'biblioteca', '', 'separator', 1, 1, 1, 0, 0, 0, '0000-00-00 00:00:00', 0, 1, '', 0, '{"menu_image":"","menu_text":1,"dropdown_item_subtext":"","dropdown_customimage":"","dropdown_customicon":"-1","dropdown_customclass":"","dropdown_columns":"1","dropdown_distribution":"even","dropdown_manual_distribution":"","dropdown_dropdown_width":"","dropdown_column_widths":"","dropdown_children_group":"0","dropdown_children_type":"menuitems","dropdown_modules":"17","dropdown_module_positions":"","splitmenu_item_subtext":"","splitmenu_customimage":"","splitmenu_customicon":"-1","splitmenu_customclass":""}', 87, 92, 0, '*', 0),
(112, 'mainmenu', 'Inscrição', 0x696e7363637269636f6573, '', 'insccricoes', 'index.php?option=com_content&view=article&id=10', 'component', 1, 1, 1, 22, 0, 0, '0000-00-00 00:00:00', 0, 1, '', 0, '{"show_title":"","link_titles":"","show_intro":"","show_category":"","link_category":"","show_parent_category":"","link_parent_category":"","show_author":"","link_author":"","show_create_date":"","show_modify_date":"","show_publish_date":"","show_item_navigation":"","show_vote":"","show_icons":"","show_print_icon":"","show_email_icon":"","show_hits":"","show_noauth":"","urls_position":"","menu-anchor_title":"","menu-anchor_css":"","menu_image":"","menu_text":1,"page_title":"","show_page_heading":0,"page_heading":"","pageclass_sfx":"","menu-meta_description":"","menu-meta_keywords":"","robots":"","secure":0,"dropdown_item_subtext":"","dropdown_customimage":"","dropdown_customicon":"-1","dropdown_customclass":"","dropdown_columns":"1","dropdown_distribution":"even","dropdown_manual_distribution":"","dropdown_dropdown_width":"","dropdown_column_widths":"","dropdown_children_group":"0","dropdown_children_type":"menuitems","dropdown_modules":"17","dropdown_module_positions":"","splitmenu_item_subtext":"","splitmenu_customimage":"","splitmenu_customicon":"-1","splitmenu_customclass":""}', 93, 94, 0, '*', 0),
(113, 'mainmenu', 'Fale Conosco', 0x66616c652d636f6e6f73636f, '', 'fale-conosco', 'index.php?option=com_content&view=article&id=11', 'component', 1, 1, 1, 22, 0, 0, '0000-00-00 00:00:00', 0, 1, '', 0, '{"show_title":"","link_titles":"","show_intro":"","show_category":"","link_category":"","show_parent_category":"","link_parent_category":"","show_author":"","link_author":"","show_create_date":"","show_modify_date":"","show_publish_date":"","show_item_navigation":"","show_vote":"","show_icons":"","show_print_icon":"","show_email_icon":"","show_hits":"","show_noauth":"","urls_position":"","menu-anchor_title":"","menu-anchor_css":"","menu_image":"","menu_text":1,"page_title":"","show_page_heading":0,"page_heading":"","pageclass_sfx":"","menu-meta_description":"","menu-meta_keywords":"","robots":"","secure":0,"dropdown_item_subtext":"","dropdown_customimage":"","dropdown_customicon":"-1","dropdown_customclass":"","dropdown_columns":"1","dropdown_distribution":"even","dropdown_manual_distribution":"","dropdown_dropdown_width":"","dropdown_column_widths":"","dropdown_children_group":"0","dropdown_children_type":"menuitems","dropdown_modules":"17","dropdown_module_positions":"","splitmenu_item_subtext":"","splitmenu_customimage":"","splitmenu_customicon":"-1","splitmenu_customclass":""}', 95, 96, 0, '*', 0),
(114, 'mainmenu', 'A Plataforma Moodle', 0x706c617461666f726d612d6d6f6f646c65, '', 'modalidade/plataforma-moodle', 'index.php?option=com_content&view=article&id=2', 'component', 1, 109, 2, 22, 0, 0, '0000-00-00 00:00:00', 0, 1, '', 0, '{"show_title":"","link_titles":"","show_intro":"","show_category":"","link_category":"","show_parent_category":"","link_parent_category":"","show_author":"","link_author":"","show_create_date":"","show_modify_date":"","show_publish_date":"","show_item_navigation":"","show_vote":"","show_icons":"","show_print_icon":"","show_email_icon":"","show_hits":"","show_noauth":"","urls_position":"","menu-anchor_title":"","menu-anchor_css":"","menu_image":"","menu_text":1,"page_title":"","show_page_heading":0,"page_heading":"","pageclass_sfx":"","menu-meta_description":"","menu-meta_keywords":"","robots":"","secure":0,"dropdown_item_subtext":"","dropdown_customimage":"","dropdown_customicon":"-1","dropdown_customclass":"","dropdown_columns":"1","dropdown_distribution":"even","dropdown_manual_distribution":"","dropdown_dropdown_width":"","dropdown_column_widths":"","dropdown_children_group":"0","dropdown_children_type":"menuitems","dropdown_modules":"17","dropdown_module_positions":"","splitmenu_item_subtext":"","splitmenu_customimage":"","splitmenu_customicon":"-1","splitmenu_customclass":""}', 72, 73, 0, '*', 0),
(115, 'mainmenu', 'Apresentação', 0x6170726573656e746163616f, '', 'sobre/apresentacao', 'index.php?option=com_content&view=article&id=1', 'component', 1, 108, 2, 22, 0, 0, '0000-00-00 00:00:00', 0, 1, '', 0, '{"show_title":"","link_titles":"","show_intro":"","show_category":"","link_category":"","show_parent_category":"","link_parent_category":"","show_author":"","link_author":"","show_create_date":"","show_modify_date":"","show_publish_date":"","show_item_navigation":"","show_vote":"","show_icons":"","show_print_icon":"","show_email_icon":"","show_hits":"","show_noauth":"","urls_position":"","menu-anchor_title":"","menu-anchor_css":"","menu_image":"","menu_text":1,"page_title":"","show_page_heading":0,"page_heading":"","pageclass_sfx":"","menu-meta_description":"","menu-meta_keywords":"","robots":"","secure":0,"dropdown_item_subtext":"","dropdown_customimage":"","dropdown_customicon":"-1","dropdown_customclass":"","dropdown_columns":"1","dropdown_distribution":"even","dropdown_manual_distribution":"","dropdown_dropdown_width":"","dropdown_column_widths":"","dropdown_children_group":"0","dropdown_children_type":"menuitems","dropdown_modules":"17","dropdown_module_positions":"","splitmenu_item_subtext":"","splitmenu_customimage":"","splitmenu_customicon":"-1","splitmenu_customclass":""}', 56, 57, 0, '*', 0),
(116, 'mainmenu', 'O que é o AVA ?', 0x617661, '', 'modalidade/ava', 'index.php?option=com_content&view=article&id=3', 'component', 1, 109, 2, 22, 0, 0, '0000-00-00 00:00:00', 0, 1, '', 0, '{"show_title":"","link_titles":"","show_intro":"","show_category":"","link_category":"","show_parent_category":"","link_parent_category":"","show_author":"","link_author":"","show_create_date":"","show_modify_date":"","show_publish_date":"","show_item_navigation":"","show_vote":"","show_icons":"","show_print_icon":"","show_email_icon":"","show_hits":"","show_noauth":"","urls_position":"","menu-anchor_title":"","menu-anchor_css":"","menu_image":"","menu_text":1,"page_title":"","show_page_heading":0,"page_heading":"","pageclass_sfx":"","menu-meta_description":"","menu-meta_keywords":"","robots":"","secure":0,"dropdown_item_subtext":"","dropdown_customimage":"","dropdown_customicon":"-1","dropdown_customclass":"","dropdown_columns":"1","dropdown_distribution":"even","dropdown_manual_distribution":"","dropdown_dropdown_width":"","dropdown_column_widths":"","dropdown_children_group":"0","dropdown_children_type":"menuitems","dropdown_modules":"17","dropdown_module_positions":"","splitmenu_item_subtext":"","splitmenu_customimage":"","splitmenu_customicon":"-1","splitmenu_customclass":""}', 74, 75, 0, '*', 0),
(117, 'mainmenu', 'Dúvidas Frequentes', 0x647576696461732d6672657175656e746573, '', 'apoio/duvidas-frequentes', 'index.php?option=com_content&view=article&id=4', 'component', 1, 110, 2, 22, 0, 0, '0000-00-00 00:00:00', 0, 1, '', 0, '{"show_title":"","link_titles":"","show_intro":"","show_category":"","link_category":"","show_parent_category":"","link_parent_category":"","show_author":"","link_author":"","show_create_date":"","show_modify_date":"","show_publish_date":"","show_item_navigation":"","show_vote":"","show_icons":"","show_print_icon":"","show_email_icon":"","show_hits":"","show_noauth":"","urls_position":"","menu-anchor_title":"","menu-anchor_css":"","menu_image":"","menu_text":1,"page_title":"","show_page_heading":0,"page_heading":"","pageclass_sfx":"","menu-meta_description":"","menu-meta_keywords":"","robots":"","secure":0,"dropdown_item_subtext":"","dropdown_customimage":"","dropdown_customicon":"-1","dropdown_customclass":"","dropdown_columns":"1","dropdown_distribution":"even","dropdown_manual_distribution":"","dropdown_dropdown_width":"","dropdown_column_widths":"","dropdown_children_group":"0","dropdown_children_type":"menuitems","dropdown_modules":"17","dropdown_module_positions":"","splitmenu_item_subtext":"","splitmenu_customimage":"","splitmenu_customicon":"-1","splitmenu_customclass":""}', 78, 79, 0, '*', 0),
(118, 'mainmenu', 'Sistema Sinap', 0x73697374656d612d73696e6170, '', 'apoio/sistema-sinap', 'index.php?option=com_content&view=article&id=5', 'component', 1, 110, 2, 22, 0, 0, '0000-00-00 00:00:00', 0, 1, '', 0, '{"show_title":"","link_titles":"","show_intro":"","show_category":"","link_category":"","show_parent_category":"","link_parent_category":"","show_author":"","link_author":"","show_create_date":"","show_modify_date":"","show_publish_date":"","show_item_navigation":"","show_vote":"","show_icons":"","show_print_icon":"","show_email_icon":"","show_hits":"","show_noauth":"","urls_position":"","menu-anchor_title":"","menu-anchor_css":"","menu_image":"","menu_text":1,"page_title":"","show_page_heading":0,"page_heading":"","pageclass_sfx":"","menu-meta_description":"","menu-meta_keywords":"","robots":"","secure":0,"dropdown_item_subtext":"","dropdown_customimage":"","dropdown_customicon":"-1","dropdown_customclass":"","dropdown_columns":"1","dropdown_distribution":"even","dropdown_manual_distribution":"","dropdown_dropdown_width":"","dropdown_column_widths":"","dropdown_children_group":"0","dropdown_children_type":"menuitems","dropdown_modules":"17","dropdown_module_positions":"","splitmenu_item_subtext":"","splitmenu_customimage":"","splitmenu_customicon":"-1","splitmenu_customclass":""}', 80, 81, 0, '*', 0),
(119, 'mainmenu', 'Apoio Técnico', 0x61706f696f2d7465636e69636f, '', 'apoio/apoio-tecnico', 'index.php?option=com_content&view=article&id=6', 'component', 1, 110, 2, 22, 0, 0, '0000-00-00 00:00:00', 0, 1, '', 0, '{"show_title":"","link_titles":"","show_intro":"","show_category":"","link_category":"","show_parent_category":"","link_parent_category":"","show_author":"","link_author":"","show_create_date":"","show_modify_date":"","show_publish_date":"","show_item_navigation":"","show_vote":"","show_icons":"","show_print_icon":"","show_email_icon":"","show_hits":"","show_noauth":"","urls_position":"","menu-anchor_title":"","menu-anchor_css":"","menu_image":"","menu_text":1,"page_title":"","show_page_heading":0,"page_heading":"","pageclass_sfx":"","menu-meta_description":"","menu-meta_keywords":"","robots":"","secure":0,"dropdown_item_subtext":"","dropdown_customimage":"","dropdown_customicon":"-1","dropdown_customclass":"","dropdown_columns":"1","dropdown_distribution":"even","dropdown_manual_distribution":"","dropdown_dropdown_width":"","dropdown_column_widths":"","dropdown_children_group":"0","dropdown_children_type":"menuitems","dropdown_modules":"17","dropdown_module_positions":"","splitmenu_item_subtext":"","splitmenu_customimage":"","splitmenu_customicon":"-1","splitmenu_customclass":""}', 82, 83, 0, '*', 0),
(120, 'mainmenu', 'Apoio Acadêmico', 0x61706f696f2d61636164656d69636f, '', 'apoio/apoio-academico', 'index.php?option=com_content&view=article&id=7', 'component', 1, 110, 2, 22, 0, 0, '0000-00-00 00:00:00', 0, 1, '', 0, '{"show_title":"","link_titles":"","show_intro":"","show_category":"","link_category":"","show_parent_category":"","link_parent_category":"","show_author":"","link_author":"","show_create_date":"","show_modify_date":"","show_publish_date":"","show_item_navigation":"","show_vote":"","show_icons":"","show_print_icon":"","show_email_icon":"","show_hits":"","show_noauth":"","urls_position":"","menu-anchor_title":"","menu-anchor_css":"","menu_image":"","menu_text":1,"page_title":"","show_page_heading":0,"page_heading":"","pageclass_sfx":"","menu-meta_description":"","menu-meta_keywords":"","robots":"","secure":0,"dropdown_item_subtext":"","dropdown_customimage":"","dropdown_customicon":"-1","dropdown_customclass":"","dropdown_columns":"1","dropdown_distribution":"even","dropdown_manual_distribution":"","dropdown_dropdown_width":"","dropdown_column_widths":"","dropdown_children_group":"0","dropdown_children_type":"menuitems","dropdown_modules":"17","dropdown_module_positions":"","splitmenu_item_subtext":"","splitmenu_customimage":"","splitmenu_customicon":"-1","splitmenu_customclass":""}', 84, 85, 0, '*', 0),
(121, 'mainmenu', 'Conteúdos', 0x636f6e746575646f73, '', 'biblioteca/conteudos', 'index.php?option=com_content&view=article&id=8', 'component', 1, 111, 2, 22, 0, 0, '0000-00-00 00:00:00', 0, 1, '', 0, '{"show_title":"","link_titles":"","show_intro":"","show_category":"","link_category":"","show_parent_category":"","link_parent_category":"","show_author":"","link_author":"","show_create_date":"","show_modify_date":"","show_publish_date":"","show_item_navigation":"","show_vote":"","show_icons":"","show_print_icon":"","show_email_icon":"","show_hits":"","show_noauth":"","urls_position":"","menu-anchor_title":"","menu-anchor_css":"","menu_image":"","menu_text":1,"page_title":"","show_page_heading":0,"page_heading":"","pageclass_sfx":"","menu-meta_description":"","menu-meta_keywords":"","robots":"","secure":0,"dropdown_item_subtext":"","dropdown_customimage":"","dropdown_customicon":"-1","dropdown_customclass":"","dropdown_columns":"1","dropdown_distribution":"even","dropdown_manual_distribution":"","dropdown_dropdown_width":"","dropdown_column_widths":"","dropdown_children_group":"0","dropdown_children_type":"menuitems","dropdown_modules":"17","dropdown_module_positions":"","splitmenu_item_subtext":"","splitmenu_customimage":"","splitmenu_customicon":"-1","splitmenu_customclass":""}', 88, 89, 0, '*', 0),
(122, 'mainmenu', 'Tutoriais', 0x7475746f7269616973, '', 'biblioteca/tutoriais', 'index.php?option=com_content&view=article&id=9', 'component', 1, 111, 2, 22, 0, 0, '0000-00-00 00:00:00', 0, 1, '', 0, '{"show_title":"","link_titles":"","show_intro":"","show_category":"","link_category":"","show_parent_category":"","link_parent_category":"","show_author":"","link_author":"","show_create_date":"","show_modify_date":"","show_publish_date":"","show_item_navigation":"","show_vote":"","show_icons":"","show_print_icon":"","show_email_icon":"","show_hits":"","show_noauth":"","urls_position":"","menu-anchor_title":"","menu-anchor_css":"","menu_image":"","menu_text":1,"page_title":"","show_page_heading":0,"page_heading":"","pageclass_sfx":"","menu-meta_description":"","menu-meta_keywords":"","robots":"","secure":0,"dropdown_item_subtext":"","dropdown_customimage":"","dropdown_customicon":"-1","dropdown_customclass":"","dropdown_columns":"1","dropdown_distribution":"even","dropdown_manual_distribution":"","dropdown_dropdown_width":"","dropdown_column_widths":"","dropdown_children_group":"0","dropdown_children_type":"menuitems","dropdown_modules":"17","dropdown_module_positions":"","splitmenu_item_subtext":"","splitmenu_customimage":"","splitmenu_customicon":"-1","splitmenu_customclass":""}', 90, 91, 0, '*', 0),
(123, 'mainmenu', 'Objetivos', 0x6f626a657469766f73, '', 'sobre/objetivos', 'index.php?option=com_content&view=article&id=12', 'component', 1, 108, 2, 22, 0, 0, '0000-00-00 00:00:00', 0, 1, '', 0, '{"show_title":"","link_titles":"","show_intro":"","show_category":"","link_category":"","show_parent_category":"","link_parent_category":"","show_author":"","link_author":"","show_create_date":"","show_modify_date":"","show_publish_date":"","show_item_navigation":"","show_vote":"","show_icons":"","show_print_icon":"","show_email_icon":"","show_hits":"","show_noauth":"","urls_position":"","menu-anchor_title":"","menu-anchor_css":"","menu_image":"","menu_text":1,"page_title":"","show_page_heading":0,"page_heading":"","pageclass_sfx":"","menu-meta_description":"","menu-meta_keywords":"","robots":"","secure":0,"dropdown_item_subtext":"","dropdown_customimage":"","dropdown_customicon":"-1","dropdown_customclass":"","dropdown_columns":"1","dropdown_distribution":"even","dropdown_manual_distribution":"","dropdown_dropdown_width":"","dropdown_column_widths":"","dropdown_children_group":"0","dropdown_children_type":"menuitems","dropdown_modules":"17","dropdown_module_positions":"","splitmenu_item_subtext":"","splitmenu_customimage":"","splitmenu_customicon":"-1","splitmenu_customclass":""}', 58, 59, 0, '*', 0),
(124, 'mainmenu', 'Estrutura', 0x657374727574757261, '', 'sobre/estrutura', 'index.php?option=com_content&view=article&id=13', 'component', 1, 108, 2, 22, 0, 0, '0000-00-00 00:00:00', 0, 1, '', 0, '{"show_title":"","link_titles":"","show_intro":"","show_category":"","link_category":"","show_parent_category":"","link_parent_category":"","show_author":"","link_author":"","show_create_date":"","show_modify_date":"","show_publish_date":"","show_item_navigation":"","show_vote":"","show_icons":"","show_print_icon":"","show_email_icon":"","show_hits":"","show_noauth":"","urls_position":"","menu-anchor_title":"","menu-anchor_css":"","menu_image":"","menu_text":1,"page_title":"","show_page_heading":0,"page_heading":"","pageclass_sfx":"","menu-meta_description":"","menu-meta_keywords":"","robots":"","secure":0,"dropdown_item_subtext":"","dropdown_customimage":"","dropdown_customicon":"-1","dropdown_customclass":"","dropdown_columns":"1","dropdown_distribution":"even","dropdown_manual_distribution":"","dropdown_dropdown_width":"","dropdown_column_widths":"","dropdown_children_group":"0","dropdown_children_type":"menuitems","dropdown_modules":"17","dropdown_module_positions":"","splitmenu_item_subtext":"","splitmenu_customimage":"","splitmenu_customicon":"-1","splitmenu_customclass":""}', 60, 61, 0, '*', 0),
(125, 'mainmenu', 'Metodologia', 0x6d65746f646f6c6f676961, '', 'sobre/metodologia', 'index.php?option=com_content&view=article&id=14', 'component', 1, 108, 2, 22, 0, 0, '0000-00-00 00:00:00', 0, 1, '', 0, '{"show_title":"","link_titles":"","show_intro":"","show_category":"","link_category":"","show_parent_category":"","link_parent_category":"","show_author":"","link_author":"","show_create_date":"","show_modify_date":"","show_publish_date":"","show_item_navigation":"","show_vote":"","show_icons":"","show_print_icon":"","show_email_icon":"","show_hits":"","show_noauth":"","urls_position":"","menu-anchor_title":"","menu-anchor_css":"","menu_image":"","menu_text":1,"page_title":"","show_page_heading":0,"page_heading":"","pageclass_sfx":"","menu-meta_description":"","menu-meta_keywords":"","robots":"","secure":0,"dropdown_item_subtext":"","dropdown_customimage":"","dropdown_customicon":"-1","dropdown_customclass":"","dropdown_columns":"1","dropdown_distribution":"even","dropdown_manual_distribution":"","dropdown_dropdown_width":"","dropdown_column_widths":"","dropdown_children_group":"0","dropdown_children_type":"menuitems","dropdown_modules":"17","dropdown_module_positions":"","splitmenu_item_subtext":"","splitmenu_customimage":"","splitmenu_customicon":"-1","splitmenu_customclass":""}', 62, 63, 0, '*', 0),
(126, 'mainmenu', 'Material', 0x6d6174657269616c, '', 'sobre/material', 'index.php?option=com_content&view=article&id=15', 'component', 1, 108, 2, 22, 0, 0, '0000-00-00 00:00:00', 0, 1, '', 0, '{"show_title":"","link_titles":"","show_intro":"","show_category":"","link_category":"","show_parent_category":"","link_parent_category":"","show_author":"","link_author":"","show_create_date":"","show_modify_date":"","show_publish_date":"","show_item_navigation":"","show_vote":"","show_icons":"","show_print_icon":"","show_email_icon":"","show_hits":"","show_noauth":"","urls_position":"","menu-anchor_title":"","menu-anchor_css":"","menu_image":"","menu_text":1,"page_title":"","show_page_heading":0,"page_heading":"","pageclass_sfx":"","menu-meta_description":"","menu-meta_keywords":"","robots":"","secure":0,"dropdown_item_subtext":"","dropdown_customimage":"","dropdown_customicon":"-1","dropdown_customclass":"","dropdown_columns":"1","dropdown_distribution":"even","dropdown_manual_distribution":"","dropdown_dropdown_width":"","dropdown_column_widths":"","dropdown_children_group":"0","dropdown_children_type":"menuitems","dropdown_modules":"17","dropdown_module_positions":"","splitmenu_item_subtext":"","splitmenu_customimage":"","splitmenu_customicon":"-1","splitmenu_customclass":""}', 64, 65, 0, '*', 0),
(127, 'mainmenu', 'Avaliação', 0x6176616c696163616f, '', 'sobre/avaliacao', 'index.php?option=com_content&view=article&id=16', 'component', 1, 108, 2, 22, 0, 0, '0000-00-00 00:00:00', 0, 1, '', 0, '{"show_title":"","link_titles":"","show_intro":"","show_category":"","link_category":"","show_parent_category":"","link_parent_category":"","show_author":"","link_author":"","show_create_date":"","show_modify_date":"","show_publish_date":"","show_item_navigation":"","show_vote":"","show_icons":"","show_print_icon":"","show_email_icon":"","show_hits":"","show_noauth":"","urls_position":"","menu-anchor_title":"","menu-anchor_css":"","menu_image":"","menu_text":1,"page_title":"","show_page_heading":0,"page_heading":"","pageclass_sfx":"","menu-meta_description":"","menu-meta_keywords":"","robots":"","secure":0,"dropdown_item_subtext":"","dropdown_customimage":"","dropdown_customicon":"-1","dropdown_customclass":"","dropdown_columns":"1","dropdown_distribution":"even","dropdown_manual_distribution":"","dropdown_dropdown_width":"","dropdown_column_widths":"","dropdown_children_group":"0","dropdown_children_type":"menuitems","dropdown_modules":"17","dropdown_module_positions":"","splitmenu_item_subtext":"","splitmenu_customimage":"","splitmenu_customicon":"-1","splitmenu_customclass":""}', 66, 67, 0, '*', 0),
(128, 'mainmenu', 'Certificação', 0x63657274696669636163616f, '', 'sobre/certificacao', 'index.php?option=com_content&view=article&id=17', 'component', 1, 108, 2, 22, 0, 0, '0000-00-00 00:00:00', 0, 1, '', 0, '{"show_title":"","link_titles":"","show_intro":"","show_category":"","link_category":"","show_parent_category":"","link_parent_category":"","show_author":"","link_author":"","show_create_date":"","show_modify_date":"","show_publish_date":"","show_item_navigation":"","show_vote":"","show_icons":"","show_print_icon":"","show_email_icon":"","show_hits":"","show_noauth":"","urls_position":"","menu-anchor_title":"","menu-anchor_css":"","menu_image":"","menu_text":1,"page_title":"","show_page_heading":0,"page_heading":"","pageclass_sfx":"","menu-meta_description":"","menu-meta_keywords":"","robots":"","secure":0,"dropdown_item_subtext":"","dropdown_customimage":"","dropdown_customicon":"-1","dropdown_customclass":"","dropdown_columns":"1","dropdown_distribution":"even","dropdown_manual_distribution":"","dropdown_dropdown_width":"","dropdown_column_widths":"","dropdown_children_group":"0","dropdown_children_type":"menuitems","dropdown_modules":"17","dropdown_module_positions":"","splitmenu_item_subtext":"","splitmenu_customimage":"","splitmenu_customicon":"-1","splitmenu_customclass":""}', 68, 69, 0, '*', 0);

-- --------------------------------------------------------

-- 
-- Estrutura da tabela `jom_menu_types`
-- 

CREATE TABLE `jom_menu_types` (
  `id` int(10) unsigned NOT NULL auto_increment,
  `menutype` varchar(24) NOT NULL,
  `title` varchar(48) NOT NULL,
  `description` varchar(255) NOT NULL default '',
  PRIMARY KEY  (`id`),
  UNIQUE KEY `idx_menutype` (`menutype`)
) ENGINE=InnoDB  DEFAULT CHARSET=utf8 AUTO_INCREMENT=2 ;

-- 
-- Extraindo dados da tabela `jom_menu_types`
-- 

INSERT INTO `jom_menu_types` (`id`, `menutype`, `title`, `description`) VALUES 
(1, 'mainmenu', 'Menu Principal', 'The main menu for the site');

-- --------------------------------------------------------

-- 
-- Estrutura da tabela `jom_messages`
-- 

CREATE TABLE `jom_messages` (
  `message_id` int(10) unsigned NOT NULL auto_increment,
  `user_id_from` int(10) unsigned NOT NULL default '0',
  `user_id_to` int(10) unsigned NOT NULL default '0',
  `folder_id` tinyint(3) unsigned NOT NULL default '0',
  `date_time` datetime NOT NULL default '0000-00-00 00:00:00',
  `state` tinyint(1) NOT NULL default '0',
  `priority` tinyint(1) unsigned NOT NULL default '0',
  `subject` varchar(255) NOT NULL default '',
  `message` text NOT NULL,
  PRIMARY KEY  (`message_id`),
  KEY `useridto_state` (`user_id_to`,`state`)
) ENGINE=InnoDB DEFAULT CHARSET=utf8 AUTO_INCREMENT=1 ;

-- 
-- Extraindo dados da tabela `jom_messages`
-- 


-- --------------------------------------------------------

-- 
-- Estrutura da tabela `jom_messages_cfg`
-- 

CREATE TABLE `jom_messages_cfg` (
  `user_id` int(10) unsigned NOT NULL default '0',
  `cfg_name` varchar(100) NOT NULL default '',
  `cfg_value` varchar(255) NOT NULL default '',
  UNIQUE KEY `idx_user_var_name` (`user_id`,`cfg_name`)
) ENGINE=InnoDB DEFAULT CHARSET=utf8;

-- 
-- Extraindo dados da tabela `jom_messages_cfg`
-- 


-- --------------------------------------------------------

-- 
-- Estrutura da tabela `jom_modules`
-- 

CREATE TABLE `jom_modules` (
  `id` int(11) NOT NULL auto_increment,
  `title` varchar(100) NOT NULL default '',
  `note` varchar(255) NOT NULL default '',
  `content` text NOT NULL,
  `ordering` int(11) NOT NULL default '0',
  `position` varchar(50) NOT NULL default '',
  `checked_out` int(10) unsigned NOT NULL default '0',
  `checked_out_time` datetime NOT NULL default '0000-00-00 00:00:00',
  `publish_up` datetime NOT NULL default '0000-00-00 00:00:00',
  `publish_down` datetime NOT NULL default '0000-00-00 00:00:00',
  `published` tinyint(1) NOT NULL default '0',
  `module` varchar(50) default NULL,
  `access` int(10) unsigned NOT NULL default '0',
  `showtitle` tinyint(3) unsigned NOT NULL default '1',
  `params` text NOT NULL,
  `client_id` tinyint(4) NOT NULL default '0',
  `language` char(7) NOT NULL,
  PRIMARY KEY  (`id`),
  KEY `published` (`published`,`access`),
  KEY `newsfeeds` (`module`,`published`),
  KEY `idx_language` (`language`)
) ENGINE=InnoDB  DEFAULT CHARSET=utf8 AUTO_INCREMENT=87 ;

-- 
-- Extraindo dados da tabela `jom_modules`
-- 

INSERT INTO `jom_modules` (`id`, `title`, `note`, `content`, `ordering`, `position`, `checked_out`, `checked_out_time`, `publish_up`, `publish_down`, `published`, `module`, `access`, `showtitle`, `params`, `client_id`, `language`) VALUES 
(1, 'Main Menu', '', '', 1, 'position-7', 0, '0000-00-00 00:00:00', '0000-00-00 00:00:00', '0000-00-00 00:00:00', 1, 'mod_menu', 1, 1, '{"menutype":"mainmenu","startLevel":"0","endLevel":"0","showAllChildren":"0","tag_id":"","class_sfx":"","window_open":"","layout":"","moduleclass_sfx":"_menu","cache":"1","cache_time":"900","cachemode":"itemid"}', 0, '*'),
(2, 'Login', '', '', 1, 'login', 0, '0000-00-00 00:00:00', '0000-00-00 00:00:00', '0000-00-00 00:00:00', 1, 'mod_login', 1, 1, '', 1, '*'),
(3, 'Popular Articles', '', '', 3, 'cpanel', 0, '0000-00-00 00:00:00', '0000-00-00 00:00:00', '0000-00-00 00:00:00', 1, 'mod_popular', 3, 1, '{"count":"5","catid":"","user_id":"0","layout":"_:default","moduleclass_sfx":"","cache":"0","automatic_title":"1"}', 1, '*'),
(4, 'Recently Added Articles', '', '', 4, 'cpanel', 0, '0000-00-00 00:00:00', '0000-00-00 00:00:00', '0000-00-00 00:00:00', 1, 'mod_latest', 3, 1, '{"count":"5","ordering":"c_dsc","catid":"","user_id":"0","layout":"_:default","moduleclass_sfx":"","cache":"0","automatic_title":"1"}', 1, '*'),
(8, 'Toolbar', '', '', 1, 'toolbar', 0, '0000-00-00 00:00:00', '0000-00-00 00:00:00', '0000-00-00 00:00:00', 1, 'mod_toolbar', 3, 1, '', 1, '*'),
(9, 'Quick Icons', '', '', 1, 'icon', 0, '0000-00-00 00:00:00', '0000-00-00 00:00:00', '0000-00-00 00:00:00', 1, 'mod_quickicon', 3, 1, '', 1, '*'),
(10, 'Logged-in Users', '', '', 2, 'cpanel', 0, '0000-00-00 00:00:00', '0000-00-00 00:00:00', '0000-00-00 00:00:00', 1, 'mod_logged', 3, 1, '{"count":"5","name":"1","layout":"_:default","moduleclass_sfx":"","cache":"0","automatic_title":"1"}', 1, '*'),
(12, 'Admin Menu', '', '', 1, 'menu', 0, '0000-00-00 00:00:00', '0000-00-00 00:00:00', '0000-00-00 00:00:00', 1, 'mod_menu', 3, 1, '{"layout":"","moduleclass_sfx":"","shownew":"1","showhelp":"1","cache":"0"}', 1, '*'),
(13, 'Admin Submenu', '', '', 1, 'submenu', 0, '0000-00-00 00:00:00', '0000-00-00 00:00:00', '0000-00-00 00:00:00', 1, 'mod_submenu', 3, 1, '', 1, '*'),
(14, 'User Status', '', '', 2, 'status', 0, '0000-00-00 00:00:00', '0000-00-00 00:00:00', '0000-00-00 00:00:00', 1, 'mod_status', 3, 1, '', 1, '*'),
(15, 'Title', '', '', 1, 'title', 0, '0000-00-00 00:00:00', '0000-00-00 00:00:00', '0000-00-00 00:00:00', 1, 'mod_title', 3, 1, '', 1, '*'),
(16, 'Login Form', '', '', 7, 'position-7', 0, '0000-00-00 00:00:00', '0000-00-00 00:00:00', '0000-00-00 00:00:00', 1, 'mod_login', 1, 1, '{"greeting":"1","name":"0"}', 0, '*'),
(17, 'Breadcrumbs', '', '', 1, 'position-2', 0, '0000-00-00 00:00:00', '0000-00-00 00:00:00', '0000-00-00 00:00:00', 1, 'mod_breadcrumbs', 1, 1, '{"moduleclass_sfx":"","showHome":"1","homeText":"Home","showComponent":"1","separator":"","cache":"1","cache_time":"900","cachemode":"itemid"}', 0, '*'),
(79, 'Multilanguage status', '', '', 1, 'status', 0, '0000-00-00 00:00:00', '0000-00-00 00:00:00', '0000-00-00 00:00:00', 0, 'mod_multilangstatus', 3, 1, '{"layout":"_:default","moduleclass_sfx":"","cache":"0"}', 1, '*'),
(86, 'Joomla Version', '', '', 1, 'footer', 0, '0000-00-00 00:00:00', '0000-00-00 00:00:00', '0000-00-00 00:00:00', 1, 'mod_version', 3, 1, '{"format":"short","product":"1","layout":"_:default","moduleclass_sfx":"","cache":"0"}', 1, '*');

-- --------------------------------------------------------

-- 
-- Estrutura da tabela `jom_modules_menu`
-- 

CREATE TABLE `jom_modules_menu` (
  `moduleid` int(11) NOT NULL default '0',
  `menuid` int(11) NOT NULL default '0',
  PRIMARY KEY  (`moduleid`,`menuid`)
) ENGINE=InnoDB DEFAULT CHARSET=utf8;

-- 
-- Extraindo dados da tabela `jom_modules_menu`
-- 

INSERT INTO `jom_modules_menu` (`moduleid`, `menuid`) VALUES 
(1, 0),
(2, 0),
(3, 0),
(4, 0),
(6, 0),
(7, 0),
(8, 0),
(9, 0),
(10, 0),
(12, 0),
(13, 0),
(14, 0),
(15, 0),
(16, 0),
(17, 0),
(79, 0),
(86, 0);

-- --------------------------------------------------------

-- 
-- Estrutura da tabela `jom_newsfeeds`
-- 

CREATE TABLE `jom_newsfeeds` (
  `catid` int(11) NOT NULL default '0',
  `id` int(10) unsigned NOT NULL auto_increment,
  `name` varchar(100) NOT NULL default '',
  `alias` varchar(255) character set utf8 collate utf8_bin NOT NULL default '',
  `link` varchar(200) NOT NULL default '',
  `filename` varchar(200) default NULL,
  `published` tinyint(1) NOT NULL default '0',
  `numarticles` int(10) unsigned NOT NULL default '1',
  `cache_time` int(10) unsigned NOT NULL default '3600',
  `checked_out` int(10) unsigned NOT NULL default '0',
  `checked_out_time` datetime NOT NULL default '0000-00-00 00:00:00',
  `ordering` int(11) NOT NULL default '0',
  `rtl` tinyint(4) NOT NULL default '0',
  `access` int(10) unsigned NOT NULL default '0',
  `language` char(7) NOT NULL default '',
  `params` text NOT NULL,
  `created` datetime NOT NULL default '0000-00-00 00:00:00',
  `created_by` int(10) unsigned NOT NULL default '0',
  `created_by_alias` varchar(255) NOT NULL default '',
  `modified` datetime NOT NULL default '0000-00-00 00:00:00',
  `modified_by` int(10) unsigned NOT NULL default '0',
  `metakey` text NOT NULL,
  `metadesc` text NOT NULL,
  `metadata` text NOT NULL,
  `xreference` varchar(50) NOT NULL COMMENT 'A reference to enable linkages to external data sets.',
  `publish_up` datetime NOT NULL default '0000-00-00 00:00:00',
  `publish_down` datetime NOT NULL default '0000-00-00 00:00:00',
  PRIMARY KEY  (`id`),
  KEY `idx_access` (`access`),
  KEY `idx_checkout` (`checked_out`),
  KEY `idx_state` (`published`),
  KEY `idx_catid` (`catid`),
  KEY `idx_createdby` (`created_by`),
  KEY `idx_language` (`language`),
  KEY `idx_xreference` (`xreference`)
) ENGINE=InnoDB DEFAULT CHARSET=utf8 AUTO_INCREMENT=1 ;

-- 
-- Extraindo dados da tabela `jom_newsfeeds`
-- 


-- --------------------------------------------------------

-- 
-- Estrutura da tabela `jom_overrider`
-- 

CREATE TABLE `jom_overrider` (
  `id` int(10) NOT NULL auto_increment COMMENT 'Primary Key',
  `constant` varchar(255) NOT NULL,
  `string` text NOT NULL,
  `file` varchar(255) NOT NULL,
  PRIMARY KEY  (`id`)
) ENGINE=InnoDB DEFAULT CHARSET=utf8 AUTO_INCREMENT=1 ;

-- 
-- Extraindo dados da tabela `jom_overrider`
-- 


-- --------------------------------------------------------

-- 
-- Estrutura da tabela `jom_redirect_links`
-- 

CREATE TABLE `jom_redirect_links` (
  `id` int(10) unsigned NOT NULL auto_increment,
  `old_url` varchar(255) NOT NULL,
  `new_url` varchar(255) NOT NULL,
  `referer` varchar(150) NOT NULL,
  `comment` varchar(255) NOT NULL,
  `hits` int(10) unsigned NOT NULL default '0',
  `published` tinyint(4) NOT NULL,
  `created_date` datetime NOT NULL default '0000-00-00 00:00:00',
  `modified_date` datetime NOT NULL default '0000-00-00 00:00:00',
  PRIMARY KEY  (`id`),
  UNIQUE KEY `idx_link_old` (`old_url`),
  KEY `idx_link_modifed` (`modified_date`)
) ENGINE=InnoDB DEFAULT CHARSET=utf8 AUTO_INCREMENT=1 ;

-- 
-- Extraindo dados da tabela `jom_redirect_links`
-- 


-- --------------------------------------------------------

-- 
-- Estrutura da tabela `jom_schemas`
-- 

CREATE TABLE `jom_schemas` (
  `extension_id` int(11) NOT NULL,
  `version_id` varchar(20) NOT NULL,
  PRIMARY KEY  (`extension_id`,`version_id`)
) ENGINE=InnoDB DEFAULT CHARSET=utf8;

-- 
-- Extraindo dados da tabela `jom_schemas`
-- 

INSERT INTO `jom_schemas` (`extension_id`, `version_id`) VALUES 
(700, '2.5.6');

-- --------------------------------------------------------

-- 
-- Estrutura da tabela `jom_session`
-- 

CREATE TABLE `jom_session` (
  `session_id` varchar(200) NOT NULL default '',
  `client_id` tinyint(3) unsigned NOT NULL default '0',
  `guest` tinyint(4) unsigned default '1',
  `time` varchar(14) default '',
  `data` mediumtext,
  `userid` int(11) default '0',
  `username` varchar(150) default '',
  `usertype` varchar(50) default '',
  PRIMARY KEY  (`session_id`),
  KEY `whosonline` (`guest`,`usertype`),
  KEY `userid` (`userid`),
  KEY `time` (`time`)
) ENGINE=InnoDB DEFAULT CHARSET=utf8;

-- 
-- Extraindo dados da tabela `jom_session`
-- 

INSERT INTO `jom_session` (`session_id`, `client_id`, `guest`, `time`, `data`, `userid`, `username`, `usertype`) VALUES 
('g2rkn2c55tq6dpqs51ce1u3017', 0, 1, '1391040727', '__default|a:9:{s:15:"session.counter";i:50;s:19:"session.timer.start";i:1391036770;s:18:"session.timer.last";i:1391040696;s:17:"session.timer.now";i:1391040726;s:22:"session.client.browser";s:65:"Mozilla/5.0 (Windows NT 6.1; rv:26.0) Gecko/20100101 Firefox/26.0";s:8:"registry";O:9:"JRegistry":1:{s:7:"\0*\0data";O:8:"stdClass":0:{}}s:4:"user";O:5:"JUser":25:{s:9:"\0*\0isRoot";b:0;s:2:"id";i:0;s:4:"name";N;s:8:"username";N;s:5:"email";N;s:8:"password";N;s:14:"password_clear";s:0:"";s:8:"usertype";N;s:5:"block";N;s:9:"sendEmail";i:0;s:12:"registerDate";N;s:13:"lastvisitDate";N;s:10:"activation";N;s:6:"params";N;s:6:"groups";a:0:{}s:5:"guest";i:1;s:13:"lastResetTime";N;s:10:"resetCount";N;s:10:"\0*\0_params";O:9:"JRegistry":1:{s:7:"\0*\0data";O:8:"stdClass":0:{}}s:14:"\0*\0_authGroups";a:1:{i:0;i:1;}s:14:"\0*\0_authLevels";a:2:{i:0;i:1;i:1;i:1;}s:15:"\0*\0_authActions";N;s:12:"\0*\0_errorMsg";N;s:10:"\0*\0_errors";a:0:{}s:3:"aid";i:0;}s:23:"gantry-current-template";s:6:"gantry";s:16:"com_mailto.links";a:1:{s:40:"de1b8733c55dc389c0ba14d17c4ebdcf296c26f5";O:8:"stdClass":2:{s:4:"link";s:41:"http://localhost/pse/index.php/sobre.html";s:6:"expiry";i:1391038211;}}}', 0, '', ''),
('rv4ltcpp0skagct9tu75kl6pr1', 1, 0, '1391040425', '__default|a:8:{s:15:"session.counter";i:570;s:19:"session.timer.start";i:1391036776;s:18:"session.timer.last";i:1391040424;s:17:"session.timer.now";i:1391040424;s:22:"session.client.browser";s:65:"Mozilla/5.0 (Windows NT 6.1; rv:26.0) Gecko/20100101 Firefox/26.0";s:8:"registry";O:9:"JRegistry":1:{s:7:"\0*\0data";O:8:"stdClass":10:{s:11:"application";O:8:"stdClass":1:{s:4:"lang";s:0:"";}s:13:"com_installer";O:8:"stdClass":2:{s:7:"message";s:0:"";s:17:"extension_message";s:0:"";}s:9:"com_menus";O:8:"stdClass":2:{s:5:"items";O:8:"stdClass":2:{s:6:"filter";O:8:"stdClass":1:{s:8:"menutype";s:8:"mainmenu";}s:10:"limitstart";i:0;}s:4:"edit";O:8:"stdClass":2:{s:4:"item";O:8:"stdClass":5:{s:2:"id";a:0:{}s:4:"data";N;s:4:"type";N;s:4:"link";N;s:8:"menutype";s:8:"mainmenu";}s:4:"menu";O:8:"stdClass":2:{s:2:"id";a:0:{}s:4:"data";N;}}}s:13:"com_templates";O:8:"stdClass":1:{s:6:"styles";O:8:"stdClass":1:{s:10:"limitstart";i:0;}}s:10:"com_gantry";O:8:"stdClass":1:{s:4:"edit";O:8:"stdClass":1:{s:8:"template";O:8:"stdClass":2:{s:2:"id";a:0:{}s:4:"data";N;}}}s:4:"item";O:8:"stdClass":1:{s:6:"filter";O:8:"stdClass":1:{s:8:"menutype";s:8:"mainmenu";}}s:11:"com_checkin";O:8:"stdClass":1:{s:7:"checkin";O:8:"stdClass":1:{s:8:"ordercol";s:5:"table";}}s:11:"com_content";O:8:"stdClass":2:{s:4:"edit";O:8:"stdClass":1:{s:7:"article";O:8:"stdClass":2:{s:4:"data";N;s:2:"id";a:1:{i:0;i:1;}}}s:8:"articles";O:8:"stdClass":5:{s:6:"filter";O:8:"stdClass":7:{s:6:"search";s:0:"";s:6:"access";i:0;s:9:"author_id";s:0:"";s:9:"published";s:0:"";s:11:"category_id";s:2:"13";s:5:"level";i:0;s:8:"language";s:0:"";}s:10:"limitstart";i:0;s:8:"ordercol";s:7:"a.title";s:9:"orderdirn";s:3:"asc";s:5:"modal";O:8:"stdClass":4:{s:6:"filter";O:8:"stdClass":5:{s:6:"search";s:0:"";s:6:"access";i:0;s:9:"published";s:0:"";s:11:"category_id";s:2:"13";s:8:"language";s:0:"";}s:10:"limitstart";i:0;s:8:"ordercol";s:7:"a.title";s:9:"orderdirn";s:3:"asc";}}}s:14:"com_categories";O:8:"stdClass":2:{s:10:"categories";O:8:"stdClass":1:{s:6:"filter";O:8:"stdClass":1:{s:9:"extension";s:11:"com_content";}}s:4:"edit";O:8:"stdClass":1:{s:8:"category";O:8:"stdClass":1:{s:4:"data";N;}}}s:6:"global";O:8:"stdClass":1:{s:4:"list";O:8:"stdClass":1:{s:5:"limit";i:20;}}}}s:4:"user";O:5:"JUser":25:{s:9:"\0*\0isRoot";b:1;s:2:"id";s:3:"386";s:4:"name";s:6:"Robson";s:8:"username";s:6:"robson";s:5:"email";s:21:"rob.engcomp@gmail.com";s:8:"password";s:65:"e54481259f18a962921d983e45ebbc26:qHKk1Ev8EI4VngYh5QcjFKbAICpjaLSh";s:14:"password_clear";s:0:"";s:8:"usertype";s:10:"deprecated";s:5:"block";s:1:"0";s:9:"sendEmail";s:1:"1";s:12:"registerDate";s:19:"2014-01-24 22:24:25";s:13:"lastvisitDate";s:19:"2014-01-29 23:05:02";s:10:"activation";s:1:"0";s:6:"params";s:92:"{"admin_style":"","admin_language":"","language":"","editor":"","helpsite":"","timezone":""}";s:6:"groups";a:1:{i:8;s:1:"8";}s:5:"guest";i:0;s:13:"lastResetTime";s:19:"0000-00-00 00:00:00";s:10:"resetCount";s:1:"0";s:10:"\0*\0_params";O:9:"JRegistry":1:{s:7:"\0*\0data";O:8:"stdClass":6:{s:11:"admin_style";s:0:"";s:14:"admin_language";s:0:"";s:8:"language";s:0:"";s:6:"editor";s:0:"";s:8:"helpsite";s:0:"";s:8:"timezone";s:0:"";}}s:14:"\0*\0_authGroups";a:2:{i:0;i:1;i:1;i:8;}s:14:"\0*\0_authLevels";a:4:{i:0;i:1;i:1;i:1;i:2;i:2;i:3;i:3;}s:15:"\0*\0_authActions";N;s:12:"\0*\0_errorMsg";N;s:10:"\0*\0_errors";a:0:{}s:3:"aid";i:0;}s:13:"session.token";s:32:"eb4cdc94fdb5a3af4086a35039ddfae8";}__wf|a:1:{s:13:"session.token";s:32:"a4862c37947f13296b8e71d1062b3c2d";}', 386, 'robson', '');

-- --------------------------------------------------------

-- 
-- Estrutura da tabela `jom_template_styles`
-- 

CREATE TABLE `jom_template_styles` (
  `id` int(10) unsigned NOT NULL auto_increment,
  `template` varchar(50) NOT NULL default '',
  `client_id` tinyint(1) unsigned NOT NULL default '0',
  `home` char(7) NOT NULL default '0',
  `title` varchar(255) NOT NULL default '',
  `params` text NOT NULL,
  PRIMARY KEY  (`id`),
  KEY `idx_template` (`template`),
  KEY `idx_home` (`home`)
) ENGINE=InnoDB  DEFAULT CHARSET=utf8 AUTO_INCREMENT=9 ;

-- 
-- Extraindo dados da tabela `jom_template_styles`
-- 

INSERT INTO `jom_template_styles` (`id`, `template`, `client_id`, `home`, `title`, `params`) VALUES 
(2, 'bluestork', 1, '1', 'Bluestork - Default', '{"useRoundedCorners":"1","showSiteName":"0"}'),
(3, 'atomic', 0, '0', 'Atomic - Default', '{}'),
(4, 'beez_20', 0, '0', 'Beez2 - Default', '{"wrapperSmall":"53","wrapperLarge":"72","logo":"images\\/joomla_black.gif","sitetitle":"Joomla!","sitedescription":"Open Source Content Management","navposition":"left","templatecolor":"personal","html5":"0"}'),
(5, 'hathor', 1, '0', 'Hathor - Default', '{"showSiteName":"0","colourChoice":"","boldText":"0"}'),
(6, 'beez5', 0, '0', 'Beez5 - Default', '{"wrapperSmall":"53","wrapperLarge":"72","logo":"images\\/sampledata\\/fruitshop\\/fruits.gif","sitetitle":"Joomla!","sitedescription":"Open Source Content Management","navposition":"left","html5":"0"}'),
(8, 'gantry', 0, '1', 'Gantry - Default', '{"master":"true","current_id":"8","template_full_name":"Gantry","grid_system":"12","template_prefix":"gantry-","cookie_time":"31536000","override_set":"2.5","name":"Preset1","copy_lang_files_if_diff":"1","logo":{"enabled":"1","position":"drawer","type":"custom","custom":{"image":"{''path'':''images\\/curso.prevencao.do.uso.de.drogas.jpg''}"}},"headerstyle":"light","linkcolor":"#8aaa2d","font":{"family":"s:helvetica","size":"default","size-is":"default"},"viewswitcher-priority":"1","logo-priority":"2","copyright-priority":"3","styledeclaration-priority":"4","fontsizer-priority":"5","date-priority":"7","totop-priority":"8","systemmessages-priority":"9","morearticles-priority":"12","smartload-priority":"13","pagesuffix-priority":"14","resetsettings-priority":"15","analytics-priority":"16","dropdownmenu-priority":"18","jstools-priority":"21","moduleoverlays-priority":"22","rtl-priority":"23","splitmenu-priority":"24","webfonts-priority":"27","styledeclaration-enabled":"1","date":{"enabled":"0","position":"top-d","clientside":"0","formats":"%A, %B %d, %Y"},"fontsizer":{"enabled":"0","position":"feature-b"},"branding":{"enabled":"0","position":"copyright-a"},"copyright":{"enabled":"1","position":"copyright-a","text":"<p style=\\"text-align: center;\\">\\u00a9 2013 Todos os direitos reservados.<\\/p> <p style=\\"text-align: center;\\">Criado por <a title=\\"rob.engcomp@gmail.com\\" href=\\"mailto:rob.engcomp@gmail.com\\" target=\\"_parent\\">Robson C. V. Silva<\\/a> & <a title=\\"enilsonst@gmail.com\\" href=\\"mailto:enilsonst@gmail.com\\" target=\\"_parent\\">Enilson dos Santos<\\/a> <\\/p>","layout":"3,3,3,3","showall":"0","showmax":"6"},"totop":{"enabled":"0","position":"copyright-b","text":"Back to Top"},"systemmessages":{"enabled":"1","position":"drawer"},"resetsettings":{"enabled":"0","position":"copyright-d","text":"Reset Settings"},"analytics":{"enabled":"0","code":"","position":"analytics"},"menu":{"enabled":"1","type":"dropdownmenu","dropdownmenu":{"theme":"gantry-dropdown","limit_levels":"0","startLevel":"0","showAllChildren":"1","class_sfx":"top","cache":"0","menutype":"mainmenu","position":"maintop-a","responsive-menu":"panel","enable-current-id":"0","module_cache":"1"},"splitmenu":{"mainmenu-limit_levels":"1","mainmenu-startLevel":"0","mainmenu-endLevel":"0","mainmenu-class_sfx":"top","submenu-limit_levels":"1","submenu-startLevel":"1","submenu-endLevel":"9","cache":"0","menutype":"mainmenu","theme":"gantry-splitmenu","mainmenu-position":"header-b","submenu-position":"sidebar-a","submenu-title":"1","submenu-class_sfx":"","submenu-module_sfx":"","responsive-menu":"panel","roknavmenu_dropdown_enable-current-id":"0","module_cache":"1"}},"top":{"layout":"3,3,3,3","showall":"0","showmax":"6"},"header":{"layout":"3,3,3,3","showall":"0","showmax":"6"},"showcase":{"layout":"3,3,3,3","showall":"0","showmax":"6"},"feature":{"layout":"3,3,3,3","showall":"0","showmax":"6"},"utility":{"layout":"3,3,3,3","showall":"0","showmax":"6"},"maintop":{"layout":"3,3,3,3","showall":"0","showmax":"6"},"mainbodyPosition":"6,3,3","mainbottom":{"layout":"3,3,3,3","showall":"0","showmax":"6"},"extension":{"layout":"3,3,3,3","showall":"0","showmax":"6"},"bottom":{"layout":"3,3,3,3","showall":"0","showmax":"6"},"footer":{"layout":"3,3,3,3","showall":"0","showmax":"6"},"layout-mode":"responsive","loadtransition":"0","component-enabled":"1","mainbody-enabled":"1","rtl-enabled":"1","pagesuffix-enabled":"0","selectivizr-enabled":"0","less":{"compression":"1","compilewait":"2","debugheader":"0"}}');

-- --------------------------------------------------------

-- 
-- Estrutura da tabela `jom_updates`
-- 

CREATE TABLE `jom_updates` (
  `update_id` int(11) NOT NULL auto_increment,
  `update_site_id` int(11) default '0',
  `extension_id` int(11) default '0',
  `categoryid` int(11) default '0',
  `name` varchar(100) default '',
  `description` text NOT NULL,
  `element` varchar(100) default '',
  `type` varchar(20) default '',
  `folder` varchar(20) default '',
  `client_id` tinyint(3) default '0',
  `version` varchar(10) default '',
  `data` text NOT NULL,
  `detailsurl` text NOT NULL,
  `infourl` text NOT NULL,
  PRIMARY KEY  (`update_id`)
) ENGINE=InnoDB  DEFAULT CHARSET=utf8 COMMENT='Available Updates' AUTO_INCREMENT=17 ;

-- 
-- Extraindo dados da tabela `jom_updates`
-- 

INSERT INTO `jom_updates` (`update_id`, `update_site_id`, `extension_id`, `categoryid`, `name`, `description`, `element`, `type`, `folder`, `client_id`, `version`, `data`, `detailsurl`, `infourl`) VALUES 
(1, 1, 700, 0, 'Joomla', '', 'joomla', 'file', '', 0, '2.5.17', '', 'http://update.joomla.org/core/extension.xml', ''),
(2, 3, 10004, 0, 'Gantry', 'Gantry Framework', 'lib_gantry', 'library', '', 0, '4.1.20', '', 'http://www.gantry-framework.org/updates/joomla16/gantry.xml', 'http://www.gantry-framework.org'),
(3, 4, 0, 0, 'RokPad Plugin for Joomla!', '', 'rokpad', 'plugin', 'editors', 0, '2.1.6', '0802', 'http://updates.rockettheme.com/joomla/plugin/rokpad/1', 'http://www.rockettheme.com/extensions-joomla/rokpad'),
(4, 4, 0, 0, 'RokSprocket Module for Joomla!', '', 'mod_roksprocket', 'module', '', 0, '2.0.5', '0802', 'http://updates.rockettheme.com/joomla/module/mod_roksprocket/2', 'http://www.rockettheme.com/extensions-updates/1944-roksprocket-204-released'),
(5, 4, 0, 0, 'RokCommon Library for Joomla!', '', 'lib_rokcommon', 'library', '', 0, '3.1.6', '0802', 'http://updates.rockettheme.com/joomla/library/lib_rokcommon/4', ''),
(6, 4, 0, 0, 'RokAjaxSearch Module for Joomla!', '', 'mod_rokajaxsearch', 'module', '', 0, '2.0.1', '0802', 'http://updates.rockettheme.com/joomla/module/mod_rokajaxsearch/5', 'http://www.rockettheme.com/extensions-joomla/rokajaxsearch'),
(7, 4, 0, 0, 'RokBooster Plugin for Joomla!', '', 'rokbooster', 'plugin', 'system', 0, '1.1.10', '0802', 'http://updates.rockettheme.com/joomla/plugin/rokbooster/7', 'http://www.rockettheme.com/extensions-updates/1921-rokbooster-119-released'),
(8, 4, 0, 0, 'RokBox Plugin for Joomla!', '', 'rokbox', 'plugin', 'system', 0, '2.0.6', '0802', 'http://updates.rockettheme.com/joomla/plugin/rokbox/8', 'http://www.rockettheme.com/extensions-updates/1924-rokbox-205-released'),
(9, 4, 0, 0, 'RokCandy for Joomla!', '', 'com_rokcandy', 'component', '', 1, '2.0.1', '0802', 'http://updates.rockettheme.com/joomla/component/com_rokcandy/9', 'http://www.rockettheme.com/extensions-joomla/rokcandy'),
(10, 4, 0, 0, 'RokComments Plugin for Joomla!', '', 'rokcomments', 'plugin', 'content', 0, '2.0.1', '0802', 'http://updates.rockettheme.com/joomla/plugin/rokcomments/10', 'http://www.rockettheme.com/extensions-updates/1878-rokcomments-200-j25-31-released'),
(11, 4, 10009, 0, 'RokNavMenu Module for Joomla!', '', 'mod_roknavmenu', 'module', '', 0, '2.0.7', '0802', 'http://updates.rockettheme.com/joomla/module/mod_roknavmenu/13', 'http://www.rockettheme.com/extensions-updates/1926-roknavmenu-205-released'),
(12, 4, 0, 0, 'RokQuickCart Component for Joomla!', '', 'com_rokquickcart', 'component', '', 1, '2.0.1', '0802', 'http://updates.rockettheme.com/joomla/component/com_rokquickcart/14', 'http://www.rockettheme.com/extensions-joomla/rokquickcart'),
(13, 4, 0, 0, 'RokSocialButtons Plugin for Joomla!', '', 'roksocialbuttons', 'plugin', 'content', 0, '1.5.2', '0802', 'http://updates.rockettheme.com/joomla/plugin/roksocialbuttons/15', 'http://www.rockettheme.com/extensions-updates/1862-roksocialbuttons-151-released'),
(14, 4, 0, 0, 'RokBridge Extension for Joomla', '', 'rokbridge', 'component', '', 0, '3.2', '0802', 'http://updates.rockettheme.com/joomla/component/rokbridge/18', 'http://www.rockettheme.com/extensions-updates/1850-rokbridge-32-released'),
(15, 4, 0, 0, 'RokUpdater Plugin for Joomla!', '', 'rokupdater', 'plugin', 'system', 0, '1.0.8', '0802', 'http://updates.rockettheme.com/joomla/plugin/rokupdater/20', 'http://www.rockettheme.com/extensions-updates/1847-rokupdater-107-released'),
(16, 4, 0, 0, 'RokTabs Module for Joomla!', '', 'mod_roktabs', 'module', '', 0, '1.12', '0802', 'http://updates.rockettheme.com/joomla/module/mod_roktabs/22', 'http://www.rockettheme.com/extensions-joomla/roktabs');

-- --------------------------------------------------------

-- 
-- Estrutura da tabela `jom_update_categories`
-- 

CREATE TABLE `jom_update_categories` (
  `categoryid` int(11) NOT NULL auto_increment,
  `name` varchar(20) default '',
  `description` text NOT NULL,
  `parent` int(11) default '0',
  `updatesite` int(11) default '0',
  PRIMARY KEY  (`categoryid`)
) ENGINE=InnoDB DEFAULT CHARSET=utf8 COMMENT='Update Categories' AUTO_INCREMENT=1 ;

-- 
-- Extraindo dados da tabela `jom_update_categories`
-- 


-- --------------------------------------------------------

-- 
-- Estrutura da tabela `jom_update_sites`
-- 

CREATE TABLE `jom_update_sites` (
  `update_site_id` int(11) NOT NULL auto_increment,
  `name` varchar(100) default '',
  `type` varchar(20) default '',
  `location` text NOT NULL,
  `enabled` int(11) default '0',
  `last_check_timestamp` bigint(20) default '0',
  PRIMARY KEY  (`update_site_id`)
) ENGINE=InnoDB  DEFAULT CHARSET=utf8 COMMENT='Update Sites' AUTO_INCREMENT=6 ;

-- 
-- Extraindo dados da tabela `jom_update_sites`
-- 

INSERT INTO `jom_update_sites` (`update_site_id`, `name`, `type`, `location`, `enabled`, `last_check_timestamp`) VALUES 
(1, 'Joomla Core', 'collection', 'http://update.joomla.org/core/list.xml', 1, 1391036841),
(2, 'Joomla Extension Directory', 'collection', 'http://update.joomla.org/jed/list.xml', 1, 1391036841),
(3, 'Gantry Framework Update Site', 'extension', 'http://www.gantry-framework.org/updates/joomla16/gantry.xml', 1, 1391036841),
(4, 'RocketTheme Update Directory', 'collection', 'http://updates.rockettheme.com/joomla/updates.xml', 1, 1391036841),
(5, 'JCE Editor Updates', 'extension', 'https://www.joomlacontenteditor.net/index.php?option=com_updates&view=update&format=xml&id=1\n        ', 0, 1391036706);

-- --------------------------------------------------------

-- 
-- Estrutura da tabela `jom_update_sites_extensions`
-- 

CREATE TABLE `jom_update_sites_extensions` (
  `update_site_id` int(11) NOT NULL default '0',
  `extension_id` int(11) NOT NULL default '0',
  PRIMARY KEY  (`update_site_id`,`extension_id`)
) ENGINE=InnoDB DEFAULT CHARSET=utf8 COMMENT='Links extensions to update sites';

-- 
-- Extraindo dados da tabela `jom_update_sites_extensions`
-- 

INSERT INTO `jom_update_sites_extensions` (`update_site_id`, `extension_id`) VALUES 
(1, 700),
(2, 700),
(3, 10004),
(4, 10009),
(5, 10012);

-- --------------------------------------------------------

-- 
-- Estrutura da tabela `jom_usergroups`
-- 

CREATE TABLE `jom_usergroups` (
  `id` int(10) unsigned NOT NULL auto_increment COMMENT 'Primary Key',
  `parent_id` int(10) unsigned NOT NULL default '0' COMMENT 'Adjacency List Reference Id',
  `lft` int(11) NOT NULL default '0' COMMENT 'Nested set lft.',
  `rgt` int(11) NOT NULL default '0' COMMENT 'Nested set rgt.',
  `title` varchar(100) NOT NULL default '',
  PRIMARY KEY  (`id`),
  UNIQUE KEY `idx_usergroup_parent_title_lookup` (`parent_id`,`title`),
  KEY `idx_usergroup_title_lookup` (`title`),
  KEY `idx_usergroup_adjacency_lookup` (`parent_id`),
  KEY `idx_usergroup_nested_set_lookup` USING BTREE (`lft`,`rgt`)
) ENGINE=InnoDB  DEFAULT CHARSET=utf8 AUTO_INCREMENT=9 ;

-- 
-- Extraindo dados da tabela `jom_usergroups`
-- 

INSERT INTO `jom_usergroups` (`id`, `parent_id`, `lft`, `rgt`, `title`) VALUES 
(1, 0, 1, 20, 'Public'),
(2, 1, 6, 17, 'Registered'),
(3, 2, 7, 14, 'Author'),
(4, 3, 8, 11, 'Editor'),
(5, 4, 9, 10, 'Publisher'),
(6, 1, 2, 5, 'Manager'),
(7, 6, 3, 4, 'Administrator'),
(8, 1, 18, 19, 'Super Users');

-- --------------------------------------------------------

-- 
-- Estrutura da tabela `jom_users`
-- 

CREATE TABLE `jom_users` (
  `id` int(11) NOT NULL auto_increment,
  `name` varchar(255) NOT NULL default '',
  `username` varchar(150) NOT NULL default '',
  `email` varchar(100) NOT NULL default '',
  `password` varchar(100) NOT NULL default '',
  `usertype` varchar(25) NOT NULL default '',
  `block` tinyint(4) NOT NULL default '0',
  `sendEmail` tinyint(4) default '0',
  `registerDate` datetime NOT NULL default '0000-00-00 00:00:00',
  `lastvisitDate` datetime NOT NULL default '0000-00-00 00:00:00',
  `activation` varchar(100) NOT NULL default '',
  `params` text NOT NULL,
  `lastResetTime` datetime NOT NULL default '0000-00-00 00:00:00' COMMENT 'Date of last password reset',
  `resetCount` int(11) NOT NULL default '0' COMMENT 'Count of password resets since lastResetTime',
  PRIMARY KEY  (`id`),
  KEY `usertype` (`usertype`),
  KEY `idx_name` (`name`),
  KEY `idx_block` (`block`),
  KEY `username` (`username`),
  KEY `email` (`email`)
) ENGINE=InnoDB  DEFAULT CHARSET=utf8 AUTO_INCREMENT=389 ;

-- 
-- Extraindo dados da tabela `jom_users`
-- 

INSERT INTO `jom_users` (`id`, `name`, `username`, `email`, `password`, `usertype`, `block`, `sendEmail`, `registerDate`, `lastvisitDate`, `activation`, `params`, `lastResetTime`, `resetCount`) VALUES 
(386, 'Robson', 'robson', 'rob.engcomp@gmail.com', 'e54481259f18a962921d983e45ebbc26:qHKk1Ev8EI4VngYh5QcjFKbAICpjaLSh', 'deprecated', 0, 1, '2014-01-24 22:24:25', '2014-01-29 23:06:22', '0', '{"admin_style":"","admin_language":"","language":"","editor":"","helpsite":"","timezone":""}', '0000-00-00 00:00:00', 0),
(387, 'Enilson', 'enilson', 'enilsonst@gmail.com', '6942a0c478c5c15062a82ae75d55e67e:nY5J6u74GKRw2WWitaxh0Sl5LutKClNU', '', 0, 0, '2014-01-24 22:29:16', '0000-00-00 00:00:00', '', '{"admin_style":"","admin_language":"","language":"","editor":"","helpsite":"","timezone":""}', '0000-00-00 00:00:00', 0),
(388, 'Lidinaldo', 'lidinaldo', 'lidinaldocc@gmail.com', '8cdd2dd27ffe6ad1be449547ea0029a6:7agwEvShI6gLCFltxUkQMQh1DQAUJnAm', '', 0, 0, '2014-01-24 22:30:29', '0000-00-00 00:00:00', '', '{"admin_style":"","admin_language":"","language":"","editor":"","helpsite":"","timezone":""}', '0000-00-00 00:00:00', 0);

-- --------------------------------------------------------

-- 
-- Estrutura da tabela `jom_user_notes`
-- 

CREATE TABLE `jom_user_notes` (
  `id` int(10) unsigned NOT NULL auto_increment,
  `user_id` int(10) unsigned NOT NULL default '0',
  `catid` int(10) unsigned NOT NULL default '0',
  `subject` varchar(100) NOT NULL default '',
  `body` text NOT NULL,
  `state` tinyint(3) NOT NULL default '0',
  `checked_out` int(10) unsigned NOT NULL default '0',
  `checked_out_time` datetime NOT NULL default '0000-00-00 00:00:00',
  `created_user_id` int(10) unsigned NOT NULL default '0',
  `created_time` datetime NOT NULL default '0000-00-00 00:00:00',
  `modified_user_id` int(10) unsigned NOT NULL,
  `modified_time` datetime NOT NULL default '0000-00-00 00:00:00',
  `review_time` datetime NOT NULL default '0000-00-00 00:00:00',
  `publish_up` datetime NOT NULL default '0000-00-00 00:00:00',
  `publish_down` datetime NOT NULL default '0000-00-00 00:00:00',
  PRIMARY KEY  (`id`),
  KEY `idx_user_id` (`user_id`),
  KEY `idx_category_id` (`catid`)
) ENGINE=InnoDB DEFAULT CHARSET=utf8 AUTO_INCREMENT=1 ;

-- 
-- Extraindo dados da tabela `jom_user_notes`
-- 


-- --------------------------------------------------------

-- 
-- Estrutura da tabela `jom_user_profiles`
-- 

CREATE TABLE `jom_user_profiles` (
  `user_id` int(11) NOT NULL,
  `profile_key` varchar(100) NOT NULL,
  `profile_value` varchar(255) NOT NULL,
  `ordering` int(11) NOT NULL default '0',
  UNIQUE KEY `idx_user_id_profile_key` (`user_id`,`profile_key`)
) ENGINE=InnoDB DEFAULT CHARSET=utf8 COMMENT='Simple user profile storage table';

-- 
-- Extraindo dados da tabela `jom_user_profiles`
-- 


-- --------------------------------------------------------

-- 
-- Estrutura da tabela `jom_user_usergroup_map`
-- 

CREATE TABLE `jom_user_usergroup_map` (
  `user_id` int(10) unsigned NOT NULL default '0' COMMENT 'Foreign Key to #__users.id',
  `group_id` int(10) unsigned NOT NULL default '0' COMMENT 'Foreign Key to #__usergroups.id',
  PRIMARY KEY  (`user_id`,`group_id`)
) ENGINE=InnoDB DEFAULT CHARSET=utf8;

-- 
-- Extraindo dados da tabela `jom_user_usergroup_map`
-- 

INSERT INTO `jom_user_usergroup_map` (`user_id`, `group_id`) VALUES 
(386, 8),
(387, 8),
(388, 8);

-- --------------------------------------------------------

-- 
-- Estrutura da tabela `jom_viewlevels`
-- 

CREATE TABLE `jom_viewlevels` (
  `id` int(10) unsigned NOT NULL auto_increment COMMENT 'Primary Key',
  `title` varchar(100) NOT NULL default '',
  `ordering` int(11) NOT NULL default '0',
  `rules` varchar(5120) NOT NULL COMMENT 'JSON encoded access control.',
  PRIMARY KEY  (`id`),
  UNIQUE KEY `idx_assetgroup_title_lookup` (`title`)
) ENGINE=InnoDB  DEFAULT CHARSET=utf8 AUTO_INCREMENT=4 ;

-- 
-- Extraindo dados da tabela `jom_viewlevels`
-- 

INSERT INTO `jom_viewlevels` (`id`, `title`, `ordering`, `rules`) VALUES 
(1, 'Public', 0, '[1]'),
(2, 'Registered', 1, '[6,2,8]'),
(3, 'Special', 2, '[6,3,8]');

-- --------------------------------------------------------

-- 
-- Estrutura da tabela `jom_weblinks`
-- 

CREATE TABLE `jom_weblinks` (
  `id` int(10) unsigned NOT NULL auto_increment,
  `catid` int(11) NOT NULL default '0',
  `sid` int(11) NOT NULL default '0',
  `title` varchar(250) NOT NULL default '',
  `alias` varchar(255) character set utf8 collate utf8_bin NOT NULL default '',
  `url` varchar(250) NOT NULL default '',
  `description` text NOT NULL,
  `date` datetime NOT NULL default '0000-00-00 00:00:00',
  `hits` int(11) NOT NULL default '0',
  `state` tinyint(1) NOT NULL default '0',
  `checked_out` int(11) NOT NULL default '0',
  `checked_out_time` datetime NOT NULL default '0000-00-00 00:00:00',
  `ordering` int(11) NOT NULL default '0',
  `archived` tinyint(1) NOT NULL default '0',
  `approved` tinyint(1) NOT NULL default '1',
  `access` int(11) NOT NULL default '1',
  `params` text NOT NULL,
  `language` char(7) NOT NULL default '',
  `created` datetime NOT NULL default '0000-00-00 00:00:00',
  `created_by` int(10) unsigned NOT NULL default '0',
  `created_by_alias` varchar(255) NOT NULL default '',
  `modified` datetime NOT NULL default '0000-00-00 00:00:00',
  `modified_by` int(10) unsigned NOT NULL default '0',
  `metakey` text NOT NULL,
  `metadesc` text NOT NULL,
  `metadata` text NOT NULL,
  `featured` tinyint(3) unsigned NOT NULL default '0' COMMENT 'Set if link is featured.',
  `xreference` varchar(50) NOT NULL COMMENT 'A reference to enable linkages to external data sets.',
  `publish_up` datetime NOT NULL default '0000-00-00 00:00:00',
  `publish_down` datetime NOT NULL default '0000-00-00 00:00:00',
  PRIMARY KEY  (`id`),
  KEY `idx_access` (`access`),
  KEY `idx_checkout` (`checked_out`),
  KEY `idx_state` (`state`),
  KEY `idx_catid` (`catid`),
  KEY `idx_createdby` (`created_by`),
  KEY `idx_featured_catid` (`featured`,`catid`),
  KEY `idx_language` (`language`),
  KEY `idx_xreference` (`xreference`)
) ENGINE=InnoDB DEFAULT CHARSET=utf8 AUTO_INCREMENT=1 ;

-- 
-- Extraindo dados da tabela `jom_weblinks`
-- 


-- --------------------------------------------------------

-- 
-- Estrutura da tabela `jom_wf_profiles`
-- 

CREATE TABLE `jom_wf_profiles` (
  `id` int(11) NOT NULL auto_increment,
  `name` varchar(255) NOT NULL,
  `description` varchar(255) NOT NULL,
  `users` text NOT NULL,
  `types` varchar(255) NOT NULL,
  `components` text NOT NULL,
  `area` tinyint(3) NOT NULL,
  `rows` text NOT NULL,
  `plugins` text NOT NULL,
  `published` tinyint(3) NOT NULL,
  `ordering` int(11) NOT NULL,
  `checked_out` tinyint(3) NOT NULL,
  `checked_out_time` datetime NOT NULL,
  `params` text NOT NULL,
  PRIMARY KEY  (`id`)
) ENGINE=InnoDB  DEFAULT CHARSET=utf8 AUTO_INCREMENT=4 ;

-- 
-- Extraindo dados da tabela `jom_wf_profiles`
-- 

INSERT INTO `jom_wf_profiles` (`id`, `name`, `description`, `users`, `types`, `components`, `area`, `rows`, `plugins`, `published`, `ordering`, `checked_out`, `checked_out_time`, `params`) VALUES 
(1, 'Default', 'Default Profile for all users', '', '3,4,5,6,7,8', '', 0, 'help,newdocument,undo,redo,spacer,bold,italic,underline,strikethrough,justifyfull,justifycenter,justifyleft,justifyright,spacer,blockquote,formatselect,styleselect,removeformat,cleanup;fontselect,fontsizeselect,forecolor,backcolor,spacer,paste,indent,outdent,numlist,bullist,sub,sup,textcase,charmap,hr;directionality,fullscreen,preview,source,print,searchreplace,spacer,table;visualaid,visualchars,visualblocks,nonbreaking,style,xhtmlxtras,anchor,unlink,link,imgmanager,spellchecker,article', 'contextmenu,browser,inlinepopups,media,help,paste,searchreplace,directionality,fullscreen,preview,source,table,textcase,print,style,nonbreaking,visualchars,visualblocks,xhtmlxtras,imgmanager,anchor,link,spellchecker,article', 1, 1, 0, '0000-00-00 00:00:00', ''),
(2, 'Front End', 'Sample Front-end Profile', '', '3,4,5', '', 1, 'help,newdocument,undo,redo,spacer,bold,italic,underline,strikethrough,justifyfull,justifycenter,justifyleft,justifyright,spacer,formatselect,styleselect;paste,searchreplace,indent,outdent,numlist,bullist,cleanup,charmap,removeformat,hr,sub,sup,textcase,nonbreaking,visualchars,visualblocks;fullscreen,preview,print,visualaid,style,xhtmlxtras,anchor,unlink,link,imgmanager,spellchecker,article', 'contextmenu,inlinepopups,help,paste,searchreplace,fullscreen,preview,print,style,textcase,nonbreaking,visualchars,visualblocks,xhtmlxtras,imgmanager,anchor,link,spellchecker,article', 0, 2, 0, '0000-00-00 00:00:00', ''),
(3, 'Blogger', 'Simple Blogging Profile', '', '3,4,5,6,7,8', '', 0, 'bold,italic,strikethrough,bullist,numlist,blockquote,spacer,justifyleft,justifycenter,justifyright,spacer,link,unlink,imgmanager,article,spellchecker,fullscreen,kitchensink;formatselect,underline,justifyfull,forecolor,paste,removeformat,charmap,indent,outdent,undo,redo,help', 'link,imgmanager,article,spellchecker,fullscreen,kitchensink,paste,contextmenu,inlinepopups', 0, 3, 0, '0000-00-00 00:00:00', '{"editor":{"toggle":"0"}}');
